frame_index,reference_frame,middle_frame,current_frame,similarity,delete_frame,delete_range,memory_size,matching_points,orb_runtime_ms,lightglue_runtime_ms,runtime_ms,confidence,semantic_similarity,final_similarity,spatial_alpha,average_displacement,median_displacement,maximum_displacement,depth_runtime_ms,geometry_similarity,depth_difference,depth_metric,depth_cache_hit_reference,depth_cache_hit_current,memory_state,policy,transition,unified_memory_score,geometry_confidence,intent_state,estimator,decision,window_before,window_after,pose_x,pose_z,pose_yaw,pose_pitch,delta_x,delta_z,delta_yaw,delta_pitch,movement_magnitude,rotation_magnitude,pose_confidence,pose_delta_position
9,2,5,9,0.9848917247727513,3,3-4-5,9,225280,0.0,0.0,567.4368578474969,0.9848917247727513,0.9848917247727513,0.9848917247727513,0.0,0.0,0.0,0.0,567.4368578474969,0.9848917247727513,0.015108275227248669,l1,False,False,KEEP,physmem_rule,proposal_keep_validated|prev=KEEP,0.8079380413109559,0.9848917247727513,Turn Left,depth,physmem_keep,0 1 2 3 4 5 6 7 8,0 1 2 6 7 8 9 10 11,0.6666666865348816,0.0,-0.0598958320915699,0.0,0.6666666865348816,0.0,-0.0598958320915699,0.0,0.6666666865348816,0.0598958320915699,0.7265625186264515,0.6666666865348816
12,2,8,12,0.9782451577484608,6,6-7-8,9,225280,0.0,0.0,72.58359808474779,0.9782451577484608,0.9782451577484608,0.9782451577484608,0.0,0.0,0.0,0.0,72.58359808474779,0.9782451577484608,0.02175484225153923,l1,True,False,KEEP,physmem_rule,proposal_keep_validated|prev=KEEP,0.6339709320814408,0.9782451577484608,Turn Left,depth,physmem_keep,0 1 2 6 7 8 9 10 11,0 1 2 9 10 11 12 13 14,0.6666666865348816,0.0,-0.2395833320915699,0.0,0.0,0.0,-0.1796875,0.0,0.0,0.1796875,1.0,0.0
15,2,11,15,0.9779243059456348,9,9-10-11,9,225280,0.0,0.0,96.12730611115694,0.9779243059456348,0.9779243059456348,0.9779243059456348,0.0,0.0,0.0,0.0,96.12730611115694,0.9779243059456348,0.022075694054365158,l1,True,False,KEEP,physmem_rule,proposal_keep_validated|prev=KEEP,0.7526858533476555,0.9779243059456348,Turn Left,depth,physmem_keep,0 1 2 9 10 11 12 13 14,0 1 2 12 13 14 15 16 17,0.3333333432674408,0.0,-0.2994791641831398,0.0,-0.3333333432674408,0.0,-0.0598958320915699,0.0,0.3333333432674408,0.0598958320915699,0.598958320915699,0.3333333432674408
18,2,14,18,0.9339323937892914,12,12-13-14,9,225280,0.0,0.0,131.66296388953924,0.9339323937892914,0.9339323937892914,0.9339323937892914,0.0,0.0,0.0,0.0,131.66296388953924,0.9339323937892914,0.06606760621070862,l1,True,False,KEEP,physmem_rule,proposal_insert_explained_by_camera_motion|prev=KEEP,0.6778777600605265,0.9339323937892914,Turn Left,depth,physmem_keep,0 1 2 12 13 14 15 16 17,0 1 2 15 16 17 18 19 20,0.6666666865348816,0.0,-0.3593749962747097,0.0,0.3333333432674408,0.0,-0.0598958320915699,0.0,0.3333333432674408,0.0598958320915699,0.598958320915699,0.3333333432674408
21,2,17,21,0.9449632540345192,15,15-16-17,9,225280,0.0,0.0,110.50221906043589,0.9449632540345192,0.9449632540345192,0.9449632540345192,0.0,0.0,0.0,0.0,110.50221906043589,0.9449632540345192,0.055036745965480804,l1,True,False,KEEP,physmem_rule,proposal_insert_explained_by_camera_motion|prev=KEEP,0.6851152356287971,0.9449632540345192,Turn Right,depth,physmem_keep,0 1 2 15 16 17 18 19 20,0 1 2 18 19 20 21 22 23,0.3333333432674408,0.0,-0.2994791641831398,0.0,-0.3333333432674408,0.0,0.0598958320915699,0.0,0.3333333432674408,0.0598958320915699,0.598958320915699,0.3333333432674408
24,2,20,24,0.9459309540688992,18,18-19-20,9,225280,0.0,0.0,133.7244010064751,0.9459309540688992,0.9459309540688992,0.9459309540688992,0.0,0.0,0.0,0.0,133.7244010064751,0.9459309540688992,0.054069045931100845,l1,True,False,KEEP,physmem_rule,proposal_insert_explained_by_camera_motion|prev=KEEP,0.6899581605482978,0.9459309540688992,Turn Right,depth,physmem_keep,0 1 2 18 19 20 21 22 23,0 1 2 21 22 23 24 25 26,0.6666666865348816,0.0,-0.2395833320915699,0.0,0.3333333432674408,0.0,0.0598958320915699,0.0,0.3333333432674408,0.0598958320915699,0.598958320915699,0.3333333432674408
27,2,23,27,0.9498534165322781,21,21-22-23,9,225280,0.0,0.0,92.25362096913159,0.9498534165322781,0.9498534165322781,0.9498534165322781,0.0,0.0,0.0,0.0,92.25362096913159,0.9498534165322781,0.05014658346772194,l1,True,False,KEEP,physmem_rule,pose_viewpoint_change_protect_memory|prev=KEEP,0.5348840249881376,0.9498534165322781,Turn Right,depth,physmem_keep,0 1 2 21 22 23 24 25 26,0 1 2 24 25 26 27 28 29,0.6666666865348816,0.0,-0.0598958320915699,0.0,0.0,0.0,0.1796875,0.0,0.0,0.1796875,1.0,0.0
30,2,26,30,0.9340846464037895,24,24-25-26,9,225280,0.0,0.0,92.88227697834373,0.9340846464037895,0.9340846464037895,0.9340846464037895,0.0,0.0,0.0,0.0,92.88227697834373,0.9340846464037895,0.06591535359621048,l1,True,False,KEEP,physmem_rule,pose_pose_revisit_preserve_memory|prev=KEEP,0.7538992857148034,0.9340846464037895,Turn Left,depth,physmem_keep,0 1 2 24 25 26 27 28 29,0 1 2 27 28 29 30 31 32,0.6666666865348816,-0.6666666865348816,-0.08007812313735485,0.0,0.0,-0.6666666865348816,-0.02018229104578495,0.0,0.6666666865348816,0.02018229104578495,0.6868489775806665,0.6666666865348816
33,2,29,33,0.9301634058356285,27,27-28-29,9,225280,0.0,0.0,67.68305692821741,0.9301634058356285,0.9301634058356285,0.9301634058356285,0.0,0.0,0.0,0.0,67.68305692821741,0.9301634058356285,0.06983659416437149,l1,True,False,KEEP,physmem_rule,proposal_insert_explained_by_camera_motion|prev=KEEP,0.5875190683233675,0.9301634058356285,Turn Right,depth,physmem_keep,0 1 2 27 28 29 30 31 32,0 1 2 30 31 32 33 34 35,0.6666666865348816,0.3333333134651184,1.862645149230957e-09,0.0,0.0,1.0,0.080078125,0.0,1.0,0.080078125,1.0,1.0
36,2,32,36,0.8982297033071518,1,1-30,9,225280,0.0,0.0,77.08896207623184,0.8982297033071518,0.8982297033071518,0.8982297033071518,0.0,0.0,0.0,0.0,77.08896207623184,0.8982297033071518,0.1017702966928482,l1,True,False,INSERT,physmem_rule,pose_forward_progression_preserve_progression|prev=KEEP,0.48051010611310674,0.8982297033071518,Walk,depth,physmem_insert,0 1 2 30 31 32 33 34 35,0 2 31 32 33 34 35 36 37,0.3333333432674408,1.3333333134651184,1.862645149230957e-09,0.0,-0.3333333432674408,1.0,0.0,0.0,1.0540925565309005,0.0,1.0,1.0540925565309005
39,31,34,38,0.9698139671236277,32,32-33-34,9,225280,0.0,0.0,108.2326709292829,0.9698139671236277,0.9698139671236277,0.9698139671236277,0.0,0.0,0.0,0.0,108.2326709292829,0.9698139671236277,0.030186032876372337,l1,False,False,KEEP,physmem_rule,proposal_keep_validated|prev=INSERT,0.6401177194093627,0.9698139671236277,Walk,depth,physmem_keep,0 2 31 32 33 34 35 36 37,0 2 31 35 36 37 38 39 40,0.0,2.3333333134651184,1.862645149230957e-09,0.0,-0.3333333432674408,1.0,0.0,0.0,1.0540925565309005,0.0,1.0,1.0540925565309005
42,31,37,41,0.9464260265231133,35,35-36-37,9,225280,0.0,0.0,58.336049085482955,0.9464260265231133,0.9464260265231133,0.9464260265231133,0.0,0.0,0.0,0.0,58.336049085482955,0.9464260265231133,0.05357397347688675,l1,True,False,KEEP,physmem_rule,proposal_insert_explained_by_camera_motion|prev=KEEP,0.6768594773782296,0.9464260265231133,Turn Left,depth,physmem_keep,0 2 31 35 36 37 38 39 40,0 2 31 38 39 40 41 42 43,0.6666666865348816,3.3333333134651184,-0.04003906063735485,0.0,0.6666666865348816,1.0,-0.0400390625,0.0,1.201850436175566,0.0400390625,1.0,1.201850436175566
45,31,40,44,0.9498429037630558,38,38-39-40,9,225280,0.0,0.0,62.07953789271414,0.9498429037630558,0.9498429037630558,0.9498429037630558,0.0,0.0,0.0,0.0,62.07953789271414,0.9498429037630558,0.0501570962369442,l1,True,False,KEEP,physmem_rule,proposal_insert_explained_by_camera_motion|prev=KEEP,0.6798211087202597,0.9498429037630558,Turn Right,depth,physmem_keep,0 2 31 38 39 40 41 42 43,0 2 31 41 42 43 44 45 46,0.6666666865348816,4.333333313465118,1.862645149230957e-09,0.0,0.0,1.0,0.0400390625,0.0,1.0,0.0400390625,1.0,1.0
48,31,43,47,0.9580386839807034,2,2-41,9,225280,0.0,0.0,61.2277879845351,0.9580386839807034,0.9580386839807034,0.9580386839807034,0.0,0.0,0.0,0.0,61.2277879845351,0.9580386839807034,0.041961316019296646,l1,True,False,INSERT,physmem_rule,pose_forward_progression_preserve_progression|prev=KEEP,0.431571162923791,0.9580386839807034,Walk,depth,physmem_insert,0 2 31 41 42 43 44 45 46,0 31 42 43 44 45 46 47 48,0.6666666865348816,5.333333313465118,1.862645149230957e-09,0.0,0.0,1.0,0.0,0.0,1.0,0.0,1.0,1.0
51,42,45,49,0.9259945899248123,31,31-43,9,225280,0.0,0.0,102.58583095856011,0.9259945899248123,0.9259945899248123,0.9259945899248123,0.0,0.0,0.0,0.0,102.58583095856011,0.9259945899248123,0.07400541007518768,l1,False,False,INSERT,physmem_rule,pose_forward_progression_preserve_progression|prev=INSERT,0.5528458839742818,0.9259945899248123,Walk,depth,physmem_insert,0 31 42 43 44 45 46 47 48,0 42 44 45 46 47 48 49 50,-0.3333333134651184,6.333333313465118,1.862645149230957e-09,0.0,-1.0,1.0,0.0,0.0,1.4142135623730951,0.0,1.0,1.4142135623730951
54,44,47,51,0.9791214726865292,45,45-46-47,9,225280,0.0,0.0,106.21372214518487,0.9791214726865292,0.9791214726865292,0.9791214726865292,0.0,0.0,0.0,0.0,106.21372214518487,0.9791214726865292,0.02087852731347084,l1,False,False,KEEP,physmem_rule,proposal_keep_validated|prev=INSERT,0.5822525727859076,0.9791214726865292,Walk,depth,physmem_keep,0 42 44 45 46 47 48 49 50,0 42 44 48 49 50 51 52 53,0.6666666865348816,7.333333313465118,1.862645149230957e-09,0.0,1.0,1.0,0.0,0.0,1.4142135623730951,0.0,1.0,1.4142135623730951
57,44,50,54,0.9579800479114056,42,42-48,9,225280,0.0,0.0,139.07015998847783,0.9579800479114056,0.9579800479114056,0.9579800479114056,0.0,0.0,0.0,0.0,139.07015998847783,0.9579800479114056,0.04201995208859444,l1,True,False,INSERT,physmem_rule,pose_lateral_motion_preserve_progression|prev=KEEP,0.5525777018527778,0.9579800479114056,Left,depth,physmem_insert,0 42 44 48 49 50 51 52 53,0 44 49 50 51 52 53 54 55,0.3333333432674408,7.333333313465118,1.862645149230957e-09,0.0,-0.3333333432674408,0.0,0.0,0.0,0.3333333432674408,0.0,1.0,0.3333333432674408
60,49,52,56,0.9846405638381839,50,50-51-52,9,225280,0.0,0.0,102.78808907605708,0.9846405638381839,0.9846405638381839,0.9846405638381839,0.0,0.0,0.0,0.0,102.78808907605708,0.9846405638381839,0.01535943616181612,l1,False,False,KEEP,physmem_rule,proposal_keep_validated|prev=INSERT,0.6086980076918236,0.9846405638381839,Turn Left,depth,physmem_keep,0 44 49 50 51 52 53 54 55,0 44 49 53 54 55 56 57 58,0.6666666865348816,7.333333313465118,-0.11979166232049465,0.0,0.3333333432674408,0.0,-0.1197916641831398,0.0,0.3333333432674408,0.1197916641831398,1.0,0.3333333432674408
63,49,55,59,0.9648769795894623,53,53-54-55,9,225280,0.0,0.0,57.37470998428762,0.9648769795894623,0.9648769795894623,0.9648769795894623,0.0,0.0,0.0,0.0,57.37470998428762,0.9648769795894623,0.03512302041053772,l1,True,False,KEEP,physmem_rule,pose_viewpoint_change_protect_memory|prev=KEEP,0.5721358016597609,0.9648769795894623,Turn Left,depth,physmem_keep,0 44 49 53 54 55 56 57 58,0 44 49 56 57 58 59 60 61,0.6666666865348816,7.333333313465118,-0.29947916232049465,0.0,0.0,0.0,-0.1796875,0.0,0.0,0.1796875,1.0,0.0
66,49,58,62,0.9797627180814743,56,56-57-58,9,225280,0.0,0.0,53.293761098757386,0.9797627180814743,0.9797627180814743,0.9797627180814743,0.0,0.0,0.0,0.0,53.293761098757386,0.9797627180814743,0.020237281918525696,l1,True,False,KEEP,physmem_rule,proposal_keep_validated|prev=KEEP,0.7469708224560112,0.9797627180814743,Turn Right,depth,physmem_keep,0 44 49 56 57 58 59 60 61,0 44 49 59 60 61 62 63 64,0.0,7.333333313465118,-0.23958333022892475,0.0,-0.6666666865348816,0.0,0.0598958320915699,0.0,0.6666666865348816,0.0598958320915699,0.7265625186264515,0.6666666865348816
69,49,61,65,0.9626407064497471,59,59-60-61,9,225280,0.0,0.0,59.43484604358673,0.9626407064497471,0.9626407064497471,0.9626407064497471,0.0,0.0,0.0,0.0,59.43484604358673,0.9626407064497471,0.037359293550252914,l1,True,False,KEEP,physmem_rule,proposal_insert_explained_by_camera_motion|prev=KEEP,0.7169265106298387,0.9626407064497471,Turn Left,depth,physmem_keep,0 44 49 59 60 61 62 63 64,0 44 49 62 63 64 65 66 67,0.3333333432674408,7.333333313465118,-0.29947916232049465,0.0,0.3333333432674408,0.0,-0.0598958320915699,0.0,0.3333333432674408,0.0598958320915699,0.598958320915699,0.3333333432674408
72,49,64,68,0.9235045164823532,62,62-63-64,9,225280,0.0,0.0,135.76659094542265,0.9235045164823532,0.9235045164823532,0.9235045164823532,0.0,0.0,0.0,0.0,135.76659094542265,0.9235045164823532,0.07649548351764679,l1,True,False,KEEP,physmem_rule,proposal_insert_explained_by_camera_motion|prev=KEEP,0.6233817726735651,0.9235045164823532,Turn Left,depth,physmem_keep,0 44 49 62 63 64 65 66 67,0 44 49 65 66 67 68 69 70,0.6666666865348816,7.333333313465118,-0.35937499441206455,0.0,0.3333333432674408,0.0,-0.0598958320915699,0.0,0.3333333432674408,0.0598958320915699,0.598958320915699,0.3333333432674408
75,49,67,71,0.8916351646184921,65,65-66-67,9,225280,0.0,0.0,54.604887031018734,0.8916351646184921,0.8916351646184921,0.8916351646184921,0.0,0.0,0.0,0.0,54.604887031018734,0.8916351646184921,0.10836483538150787,l1,True,False,KEEP,physmem_rule,pose_viewpoint_change_protect_memory|prev=KEEP,0.39475006031329773,0.8916351646184921,Turn Right,depth,physmem_keep,0 44 49 65 66 67 68 69 70,0 44 49 68 69 70 71 72 73,0.6666666865348816,7.333333313465118,-0.17968749441206455,0.0,0.0,0.0,0.1796875,0.0,0.0,0.1796875,1.0,0.0
78,49,70,74,0.8994546011090279,68,68-69-70,9,225280,0.0,0.0,53.30778984352946,0.8994546011090279,0.8994546011090279,0.8994546011090279,0.0,0.0,0.0,0.0,53.30778984352946,0.8994546011090279,0.10054539889097214,l1,True,False,KEEP,physmem_rule,pose_viewpoint_change_protect_memory|prev=KEEP,0.40626055796609994,0.8994546011090279,Turn Right,depth,physmem_keep,0 44 49 68 69 70 71 72 73,0 44 49 71 72 73 74 75 76,0.6666666865348816,7.333333313465118,5.587935447692871e-09,0.0,0.0,0.0,0.1796875,0.0,0.0,0.1796875,1.0,0.0
81,49,73,77,0.8972756192088127,71,71-72-73,9,225280,0.0,0.0,129.26651607267559,0.8972756192088127,0.8972756192088127,0.8972756192088127,0.0,0.0,0.0,0.0,129.26651607267559,0.8972756192088127,0.10272438079118729,l1,True,False,KEEP,physmem_rule,proposal_insert_explained_by_camera_motion|prev=KEEP,0.6472566371943487,0.8972756192088127,Turn Left,depth,physmem_keep,0 44 49 71 72 73 74 75 76,0 44 49 74 75 76 77 78 79,0.6666666865348816,6.999999970197678,-0.04003905691206455,0.0,0.0,-0.3333333432674408,-0.0400390625,0.0,0.3333333432674408,0.0400390625,0.400390625,0.3333333432674408
84,49,76,80,0.9160353243350983,74,74-75-76,9,225280,0.0,0.0,118.84243204258382,0.9160353243350983,0.9160353243350983,0.9160353243350983,0.0,0.0,0.0,0.0,118.84243204258382,0.9160353243350983,0.08396467566490173,l1,True,False,KEEP,physmem_rule,proposal_insert_explained_by_camera_motion|prev=KEEP,0.6612485196796906,0.9160353243350983,Turn Right,depth,physmem_keep,0 44 49 74 75 76 77 78 79,0 44 49 77 78 79 80 81 82,0.6666666865348816,7.999999970197678,5.587935447692871e-09,0.0,0.0,1.0,0.0400390625,0.0,1.0,0.0400390625,1.0,1.0
87,49,79,83,0.9533735662698746,44,44-77,9,225280,0.0,0.0,119.0861901268363,0.9533735662698746,0.9533735662698746,0.9533735662698746,0.0,0.0,0.0,0.0,119.0861901268363,0.9533735662698746,0.04662643373012543,l1,True,False,INSERT,physmem_rule,pose_forward_progression_preserve_progression|prev=KEEP,0.4427541682458206,0.9533735662698746,Walk,depth,physmem_insert,0 44 49 77 78 79 80 81 82,0 49 78 79 80 81 82 83 84,0.0,8.999999970197678,5.587935447692871e-09,0.0,-0.6666666865348816,1.0,0.0,0.0,1.201850436175566,0.0,1.0,1.201850436175566
90,78,81,85,0.919994480907917,79,79-80-81,9,225280,0.0,0.0,110.9104158822447,0.919994480907917,0.919994480907917,0.919994480907917,0.0,0.0,0.0,0.0,110.9104158822447,0.919994480907917,0.08000551909208298,l1,False,False,KEEP,physmem_rule,proposal_keep_validated|prev=INSERT,0.5917136845657197,0.919994480907917,Walk,depth,physmem_keep,0 49 78 79 80 81 82 83 84,0 49 78 82 83 84 85 86 87,0.3333333432674408,9.999999970197678,5.587935447692871e-09,0.0,0.3333333432674408,1.0,0.0,0.0,1.0540925565309005,0.0,1.0,1.0540925565309005
93,78,84,88,0.9093884006142616,82,82-83-84,9,225280,0.0,0.0,68.58425214886665,0.9093884006142616,0.9093884006142616,0.9093884006142616,0.0,0.0,0.0,0.0,68.58425214886665,0.9093884006142616,0.09061159938573837,l1,True,False,KEEP,physmem_rule,proposal_keep_validated|prev=KEEP,0.6618325132367779,0.9093884006142616,Turn Left,depth,physmem_keep,0 49 78 82 83 84 85 86 87,0 49 78 85 86 87 88 89 90,0.6666666865348816,10.999999970197678,-0.08007811941206455,0.0,0.3333333432674408,1.0,-0.080078125,0.0,1.0540925565309005,0.080078125,1.0,1.0540925565309005
96,78,87,91,0.9328694567084312,85,85-86-87,9,225280,0.0,0.0,97.6062819827348,0.9328694567084312,0.9328694567084312,0.9328694567084312,0.0,0.0,0.0,0.0,97.6062819827348,0.9328694567084312,0.06713054329156876,l1,True,False,KEEP,physmem_rule,proposal_insert_explained_by_camera_motion|prev=KEEP,0.5418845712595171,0.9328694567084312,Turn Right,depth,physmem_keep,0 49 78 85 86 87 88 89 90,0 49 78 88 89 90 91 92 93,0.6666666865348816,11.999999970197678,5.587935447692871e-09,0.0,0.0,1.0,0.080078125,0.0,1.0,0.080078125,1.0,1.0
99,78,90,94,0.9321771934628487,49,49-88,9,225280,0.0,0.0,136.95414899848402,0.9321771934628487,0.9321771934628487,0.9321771934628487,0.0,0.0,0.0,0.0,136.95414899848402,0.9321771934628487,0.06782280653715134,l1,True,False,INSERT,physmem_rule,pose_forward_progression_preserve_progression|prev=KEEP,0.44772583067161714,0.9321771934628487,Walk,depth,physmem_insert,0 49 78 88 89 90 91 92 93,0 78 89 90 91 92 93 94 95,0.3333333432674408,12.999999970197678,5.587935447692871e-09,0.0,-0.3333333432674408,1.0,0.0,0.0,1.0540925565309005,0.0,1.0,1.0540925565309005
102,89,92,96,0.9890993079170585,90,90-91-92,9,225280,0.0,0.0,166.7927938979119,0.9890993079170585,0.9890993079170585,0.9890993079170585,0.0,0.0,0.0,0.0,166.7927938979119,0.9890993079170585,0.010900692082941532,l1,False,False,KEEP,physmem_rule,proposal_keep_validated|prev=INSERT,0.65585946833264,0.9890993079170585,Walk,depth,physmem_keep,0 78 89 90 91 92 93 94 95,0 78 89 93 94 95 96 97 98,0.0,13.999999970197678,5.587935447692871e-09,0.0,-0.3333333432674408,1.0,0.0,0.0,1.0540925565309005,0.0,1.0,1.0540925565309005
105,89,95,99,0.9350618869066238,93,93-94-95,9,225280,0.0,0.0,148.1606171000749,0.9350618869066238,0.9350618869066238,0.9350618869066238,0.0,0.0,0.0,0.0,148.1606171000749,0.9350618869066238,0.06493811309337616,l1,True,False,KEEP,physmem_rule,proposal_keep_validated|prev=KEEP,0.5643100452635619,0.9350618869066238,Walk,depth,physmem_keep,0 78 89 93 94 95 96 97 98,0 78 89 96 97 98 99 100 101,0.3333333432674408,14.66666665673256,5.587935447692871e-09,0.0,0.3333333432674408,0.6666666865348816,0.0,0.0,0.7453560147132695,0.0,1.0,0.7453560147132695
108,89,98,102,0.9632559269666672,96,96-97-98,9,225280,0.0,0.0,146.33168186992407,0.9632559269666672,0.9632559269666672,0.9632559269666672,0.0,0.0,0.0,0.0,146.33168186992407,0.9632559269666672,0.036744073033332825,l1,True,False,KEEP,physmem_rule,proposal_keep_validated|prev=KEEP,0.580286601754815,0.9632559269666672,Right,depth,physmem_keep,0 78 89 96 97 98 99 100 101,0 78 89 99 100 101 102 103 104,0.6666666865348816,14.66666665673256,5.587935447692871e-09,0.0,0.3333333432674408,0.0,0.0,0.0,0.3333333432674408,0.0,1.0,0.3333333432674408
111,89,101,105,0.9814636185765266,99,99-100-101,9,225280,0.0,0.0,149.16905318386853,0.9814636185765266,0.9814636185765266,0.9814636185765266,0.0,0.0,0.0,0.0,149.16905318386853,0.9814636185765266,0.018536381423473358,l1,True,False,KEEP,physmem_rule,proposal_keep_validated|prev=KEEP,0.6042489567961522,0.9814636185765266,Turn Left,depth,physmem_keep,0 78 89 99 100 101 102 103 104,0 78 89 102 103 104 105 106 107,0.6666666865348816,14.66666665673256,-0.17968749441206455,0.0,0.0,0.0,-0.1796875,0.0,0.0,0.1796875,1.0,0.0
114,89,104,108,0.9714765790849924,102,102-103-104,9,225280,0.0,0.0,73.4173369128257,0.9714765790849924,0.9714765790849924,0.9714765790849924,0.0,0.0,0.0,0.0,73.4173369128257,0.9714765790849924,0.02852342091500759,l1,True,False,KEEP,physmem_rule,pose_viewpoint_change_protect_memory|prev=KEEP,0.5640674562100767,0.9714765790849924,Turn Left,depth,physmem_keep,0 78 89 102 103 104 105 106 107,0 78 89 105 106 107 108 109 110,0.6666666865348816,14.66666665673256,-0.35937499441206455,0.0,0.0,0.0,-0.1796875,0.0,0.0,0.1796875,1.0,0.0
117,89,107,111,0.9612711183726788,105,105-106-107,9,225280,0.0,0.0,96.76648420281708,0.9612711183726788,0.9612711183726788,0.9612711183726788,0.0,0.0,0.0,0.0,96.76648420281708,0.9612711183726788,0.03872888162732124,l1,True,False,KEEP,physmem_rule,proposal_insert_explained_by_camera_motion|prev=KEEP,0.7093760530431997,0.9612711183726788,Turn Right,depth,physmem_keep,0 78 89 105 106 107 108 109 110,0 78 89 108 109 110 111 112 113,0.3333333432674408,14.66666665673256,-0.29947916232049465,0.0,-0.3333333432674408,0.0,0.0598958320915699,0.0,0.3333333432674408,0.0598958320915699,0.598958320915699,0.3333333432674408
