frame_index,reference_frame,middle_frame,current_frame,similarity,delete_frame,delete_range,memory_size,matching_points,orb_runtime_ms,lightglue_runtime_ms,runtime_ms,confidence,semantic_similarity,final_similarity,spatial_alpha,average_displacement,median_displacement,maximum_displacement,depth_runtime_ms,geometry_similarity,depth_difference,depth_metric,depth_cache_hit_reference,depth_cache_hit_current,memory_state,policy,transition,unified_memory_score,geometry_confidence,intent_state,estimator,decision,window_before,window_after,pose_x,pose_z,pose_yaw,pose_pitch,delta_x,delta_z,delta_yaw,delta_pitch,movement_magnitude,rotation_magnitude,pose_confidence,pose_delta_position,view_intent,move_intent,has_view_motion,has_move_motion,action_explanation,use_pose_memory
9,2,5,9,0.9850960252806544,3,3-4-5,9,225280,0.0,0.0,650.5643869750202,0.9850960252806544,0.9850960252806544,0.9850960252806544,0.0,0.0,0.0,0.0,650.5643869750202,0.9850960252806544,0.01490397471934557,l1,False,False,KEEP,physmem_rule,proposal_keep_validated|prev=KEEP,0.6537078416271773,0.9850960252806544,Viewpoint Locomotion,depth,physmem_keep,0 1 2 3 4 5 6 7 8,0 1 2 6 7 8 9 10 11,0.6666666865348816,0.0,-0.0598958320915699,0.0,0.6666666865348816,0.0,-0.0598958320915699,0.0,0.6666666865348816,0.0598958320915699,1.0,0.6666666865348816,Turn Left,Right,True,True,viewpoint_locomotion,True
12,2,8,12,0.9783361628651619,6,6-7-8,9,225280,0.0,0.0,114.15583896450698,0.9783361628651619,0.9783361628651619,0.9783361628651619,0.0,0.0,0.0,0.0,114.15583896450698,0.9783361628651619,0.021663837134838104,l1,True,False,KEEP,physmem_rule,proposal_keep_validated|prev=KEEP,0.6333391106376101,0.9783361628651619,Turn Left,depth,physmem_keep,0 1 2 6 7 8 9 10 11,0 1 2 9 10 11 12 13 14,0.6666666865348816,0.0,-0.2395833320915699,0.0,0.0,0.0,-0.1796875,0.0,0.0,0.1796875,1.0,0.0,Turn Left,None,True,False,viewpoint_change,True
15,2,11,15,0.9775660745799541,9,9-10-11,9,225280,0.0,0.0,111.33923102170229,0.9775660745799541,0.9775660745799541,0.9775660745799541,0.0,0.0,0.0,0.0,111.33923102170229,0.9775660745799541,0.022433925420045853,l1,True,False,KEEP,physmem_rule,proposal_keep_validated|prev=KEEP,0.746108192973255,0.9775660745799541,Viewpoint Locomotion,depth,physmem_keep,0 1 2 9 10 11 12 13 14,0 1 2 12 13 14 15 16 17,0.3333333432674408,0.0,-0.2994791641831398,0.0,-0.3333333432674408,0.0,-0.0598958320915699,0.0,0.3333333432674408,0.0598958320915699,0.6666666865348816,0.3333333432674408,Turn Left,Left,True,True,viewpoint_locomotion,True
18,2,14,18,0.9335863143205643,1,1-12,9,225280,0.0,0.0,132.47130904346704,0.9335863143205643,0.9335863143205643,0.9335863143205643,0.0,0.0,0.0,0.0,132.47130904346704,0.9335863143205643,0.06641368567943573,l1,True,False,INSERT,physmem_rule,pose_lateral_motion_preserve_progression|prev=KEEP,0.514518669656419,0.9335863143205643,Viewpoint Locomotion,depth,physmem_insert,0 1 2 12 13 14 15 16 17,0 2 13 14 15 16 17 18 19,0.6666666865348816,0.0,-0.3593749962747097,0.0,0.3333333432674408,0.0,-0.0598958320915699,0.0,0.3333333432674408,0.0598958320915699,1.0,0.3333333432674408,Turn Left,Right,True,True,viewpoint_locomotion,True
21,13,16,20,0.9562467820942402,14,14-15-16,9,225280,0.0,0.0,188.18141985684633,0.9562467820942402,0.9562467820942402,0.9562467820942402,0.0,0.0,0.0,0.0,188.18141985684633,0.9562467820942402,0.04375321790575981,l1,False,False,KEEP,physmem_rule,proposal_keep_validated|prev=INSERT,0.60450482173908,0.9562467820942402,Viewpoint Locomotion,depth,physmem_keep,0 2 13 14 15 16 17 18 19,0 2 13 17 18 19 20 21 22,0.3333333432674408,0.0,-0.2994791641831398,0.0,-0.3333333432674408,0.0,0.0598958320915699,0.0,0.3333333432674408,0.0598958320915699,1.0,0.3333333432674408,Turn Right,Left,True,True,viewpoint_locomotion,True
24,13,19,23,0.9753850009292364,2,2-17,9,225280,0.0,0.0,166.73495899885893,0.9753850009292364,0.9753850009292364,0.9753850009292364,0.0,0.0,0.0,0.0,166.73495899885893,0.9753850009292364,0.024614999070763588,l1,True,False,INSERT,physmem_rule,pose_lateral_motion_preserve_progression|prev=KEEP,0.6732797801621392,0.9753850009292364,Viewpoint Locomotion,depth,physmem_insert,0 2 13 17 18 19 20 21 22,0 13 18 19 20 21 22 23 24,0.6666666865348816,0.0,-0.2395833320915699,0.0,0.3333333432674408,0.0,0.0598958320915699,0.0,0.3333333432674408,0.0598958320915699,0.6666666865348816,0.3333333432674408,Turn Right,Right,True,True,viewpoint_locomotion,True
27,18,21,25,0.9322359561920166,19,19-20-21,9,225280,0.0,0.0,146.06157504022121,0.9322359561920166,0.9322359561920166,0.9322359561920166,0.0,0.0,0.0,0.0,146.06157504022121,0.9322359561920166,0.0677640438079834,l1,False,False,KEEP,physmem_rule,pose_viewpoint_change_protect_memory|prev=INSERT,0.5161265101672224,0.9322359561920166,Turn Right,depth,physmem_keep,0 13 18 19 20 21 22 23 24,0 13 18 22 23 24 25 26 27,0.6666666865348816,0.0,-0.0598958320915699,0.0,0.0,0.0,0.1796875,0.0,0.0,0.1796875,1.0,0.0,Turn Right,None,True,False,viewpoint_change,True
30,18,24,28,0.9568799883127213,22,22-23-24,9,225280,0.0,0.0,130.8195199817419,0.9568799883127213,0.9568799883127213,0.9568799883127213,0.0,0.0,0.0,0.0,130.8195199817419,0.9568799883127213,0.04312001168727875,l1,True,False,KEEP,physmem_rule,pose_pose_revisit_preserve_memory|prev=KEEP,0.4587879424147504,0.9568799883127213,Viewpoint Locomotion,depth,physmem_keep,0 13 18 22 23 24 25 26 27,0 13 18 25 26 27 28 29 30,0.6666666865348816,-0.6666666865348816,-0.08007812313735485,0.0,0.0,-0.6666666865348816,-0.02018229104578495,0.0,0.6666666865348816,0.02018229104578495,1.0,0.6666666865348816,Turn Left,Backward,True,True,viewpoint_locomotion,True
33,18,27,31,0.9777258075773716,13,13-25,9,225280,0.0,0.0,132.32917385175824,0.9777258075773716,0.9777258075773716,0.9777258075773716,0.0,0.0,0.0,0.0,132.32917385175824,0.9777258075773716,0.022274192422628403,l1,True,False,INSERT,physmem_rule,pose_forward_progression_preserve_progression|prev=KEEP,0.5155928461585435,0.9777258075773716,Viewpoint Locomotion,depth,physmem_insert,0 13 18 25 26 27 28 29 30,0 18 26 27 28 29 30 31 32,0.6666666865348816,0.3333333134651184,1.862645149230957e-09,0.0,0.0,1.0,0.080078125,0.0,1.0,0.080078125,1.0,1.0,Turn Right,Walk,True,True,viewpoint_locomotion,True
36,26,29,33,0.968598261475563,18,18-27,9,225280,0.0,0.0,156.29290603101254,0.968598261475563,0.968598261475563,0.968598261475563,0.0,0.0,0.0,0.0,156.29290603101254,0.968598261475563,0.03140173852443695,l1,False,False,INSERT,physmem_rule,pose_forward_progression_preserve_progression|prev=INSERT,0.5603564034822982,0.968598261475563,Walk,depth,physmem_insert,0 18 26 27 28 29 30 31 32,0 26 28 29 30 31 32 33 34,0.3333333432674408,1.3333333134651184,1.862645149230957e-09,0.0,-0.3333333432674408,1.0,0.0,0.0,1.0540925565309005,0.0,1.0,1.0540925565309005,None,Walk,False,True,locomotion,True
39,28,31,35,0.906691201031208,29,29-30-31,9,225280,0.0,0.0,136.51950797066092,0.906691201031208,0.906691201031208,0.906691201031208,0.0,0.0,0.0,0.0,136.51950797066092,0.906691201031208,0.09330879896879196,l1,False,False,KEEP,physmem_rule,proposal_keep_validated|prev=INSERT,0.5908680052418216,0.906691201031208,Walk,depth,physmem_keep,0 26 28 29 30 31 32 33 34,0 26 28 32 33 34 35 36 37,0.0,2.3333333134651184,1.862645149230957e-09,0.0,-0.3333333432674408,1.0,0.0,0.0,1.0540925565309005,0.0,1.0,1.0540925565309005,None,Walk,False,True,locomotion,True
42,28,34,38,0.9593009687960148,32,32-33-34,9,225280,0.0,0.0,143.66194093599916,0.9593009687960148,0.9593009687960148,0.9593009687960148,0.0,0.0,0.0,0.0,143.66194093599916,0.9593009687960148,0.040699031203985214,l1,True,False,KEEP,physmem_rule,proposal_keep_validated|prev=KEEP,0.5796233496011891,0.9593009687960148,Viewpoint Locomotion,depth,physmem_keep,0 26 28 32 33 34 35 36 37,0 26 28 35 36 37 38 39 40,0.6666666865348816,3.3333333134651184,-0.04003906063735485,0.0,0.6666666865348816,1.0,-0.0400390625,0.0,1.201850436175566,0.0400390625,1.0,1.201850436175566,Turn Left,Walk,True,True,viewpoint_locomotion,True
45,28,37,41,0.9764405246824026,26,26-35,9,225280,0.0,0.0,103.6988040432334,0.9764405246824026,0.9764405246824026,0.9764405246824026,0.0,0.0,0.0,0.0,103.6988040432334,0.9764405246824026,0.02355947531759739,l1,True,False,INSERT,physmem_rule,pose_forward_progression_preserve_progression|prev=KEEP,0.5497289911199761,0.9764405246824026,Viewpoint Locomotion,depth,physmem_insert,0 26 28 35 36 37 38 39 40,0 28 36 37 38 39 40 41 42,0.6666666865348816,4.333333313465118,1.862645149230957e-09,0.0,0.0,1.0,0.0400390625,0.0,1.0,0.0400390625,1.0,1.0,Turn Right,Walk,True,True,viewpoint_locomotion,True
48,36,39,43,0.9501266963779926,37,37-38-39,9,225280,0.0,0.0,194.27167810499668,0.9501266963779926,0.9501266963779926,0.9501266963779926,0.0,0.0,0.0,0.0,194.27167810499668,0.9501266963779926,0.04987330362200737,l1,False,False,KEEP,physmem_rule,proposal_keep_validated|prev=INSERT,0.5874825919445507,0.9501266963779926,Walk,depth,physmem_keep,0 28 36 37 38 39 40 41 42,0 28 36 40 41 42 43 44 45,0.6666666865348816,5.333333313465118,1.862645149230957e-09,0.0,0.0,1.0,0.0,0.0,1.0,0.0,1.0,1.0,None,Walk,False,True,locomotion,True
51,36,42,46,0.9102974608540535,40,40-41-42,9,225280,0.0,0.0,183.7631978560239,0.9102974608540535,0.9102974608540535,0.9102974608540535,0.0,0.0,0.0,0.0,183.7631978560239,0.9102974608540535,0.0897025391459465,l1,True,False,KEEP,physmem_rule,proposal_keep_validated|prev=KEEP,0.5491291925561276,0.9102974608540535,Walk,depth,physmem_keep,0 28 36 40 41 42 43 44 45,0 28 36 43 44 45 46 47 48,-0.3333333134651184,6.333333313465118,1.862645149230957e-09,0.0,-1.0,1.0,0.0,0.0,1.4142135623730951,0.0,1.0,1.4142135623730951,None,Walk,False,True,locomotion,True
54,36,45,49,0.9668533019721508,28,28-43,9,225280,0.0,0.0,172.39989410154521,0.9668533019721508,0.9668533019721508,0.9668533019721508,0.0,0.0,0.0,0.0,172.39989410154521,0.9668533019721508,0.0331466980278492,l1,True,False,INSERT,physmem_rule,pose_forward_progression_preserve_progression|prev=KEEP,0.4863817662097688,0.9668533019721508,Walk,depth,physmem_insert,0 28 36 43 44 45 46 47 48,0 36 44 45 46 47 48 49 50,0.6666666865348816,7.333333313465118,1.862645149230957e-09,0.0,1.0,1.0,0.0,0.0,1.4142135623730951,0.0,1.0,1.4142135623730951,None,Walk,False,True,locomotion,True
57,44,47,51,0.9215133637189865,36,36-45,9,225280,0.0,0.0,187.12903000414371,0.9215133637189865,0.9215133637189865,0.9215133637189865,0.0,0.0,0.0,0.0,187.12903000414371,0.9215133637189865,0.07848663628101349,l1,False,False,INSERT,physmem_rule,pose_lateral_motion_preserve_progression|prev=INSERT,0.49835599444274015,0.9215133637189865,Left,depth,physmem_insert,0 36 44 45 46 47 48 49 50,0 44 46 47 48 49 50 51 52,0.3333333432674408,7.333333313465118,1.862645149230957e-09,0.0,-0.3333333432674408,0.0,0.0,0.0,0.3333333432674408,0.0,1.0,0.3333333432674408,None,Left,False,True,lateral_motion,True
60,46,49,53,0.9520542733371258,47,47-48-49,9,225280,0.0,0.0,147.36305200494826,0.9520542733371258,0.9520542733371258,0.9520542733371258,0.0,0.0,0.0,0.0,147.36305200494826,0.9520542733371258,0.04794572666287422,l1,False,False,KEEP,physmem_rule,proposal_keep_validated|prev=INSERT,0.5744535283093388,0.9520542733371258,Viewpoint Locomotion,depth,physmem_keep,0 44 46 47 48 49 50 51 52,0 44 46 50 51 52 53 54 55,0.6666666865348816,7.333333313465118,-0.11979166232049465,0.0,0.3333333432674408,0.0,-0.1197916641831398,0.0,0.3333333432674408,0.1197916641831398,1.0,0.3333333432674408,Turn Left,Right,True,True,viewpoint_locomotion,True
63,46,52,56,0.9322202056646347,50,50-51-52,9,225280,0.0,0.0,135.0668619852513,0.9322202056646347,0.9322202056646347,0.9322202056646347,0.0,0.0,0.0,0.0,135.0668619852513,0.9322202056646347,0.0677797943353653,l1,True,False,KEEP,physmem_rule,pose_viewpoint_change_protect_memory|prev=KEEP,0.5398324637495049,0.9322202056646347,Turn Left,depth,physmem_keep,0 44 46 50 51 52 53 54 55,0 44 46 53 54 55 56 57 58,0.6666666865348816,7.333333313465118,-0.29947916232049465,0.0,0.0,0.0,-0.1796875,0.0,0.0,0.1796875,1.0,0.0,Turn Left,None,True,False,viewpoint_change,True
66,46,55,59,0.9279235601425171,44,44-53,9,225280,0.0,0.0,55.716143222525716,0.9279235601425171,0.9279235601425171,0.9279235601425171,0.0,0.0,0.0,0.0,55.716143222525716,0.9279235601425171,0.07207643985748291,l1,True,False,INSERT,physmem_rule,pose_lateral_motion_preserve_progression|prev=KEEP,0.5576455630511474,0.9279235601425171,Viewpoint Locomotion,depth,physmem_insert,0 44 46 53 54 55 56 57 58,0 46 54 55 56 57 58 59 60,0.0,7.333333313465118,-0.23958333022892475,0.0,-0.6666666865348816,0.0,0.0598958320915699,0.0,0.6666666865348816,0.0598958320915699,1.0,0.6666666865348816,Turn Right,Left,True,True,viewpoint_locomotion,True
69,54,57,61,0.9755090288817883,55,55-56-57,9,225280,0.0,0.0,139.9941670242697,0.9755090288817883,0.9755090288817883,0.9755090288817883,0.0,0.0,0.0,0.0,139.9941670242697,0.9755090288817883,0.024490971118211746,l1,False,False,KEEP,physmem_rule,proposal_keep_validated|prev=INSERT,0.5845608894718285,0.9755090288817883,Viewpoint Locomotion,depth,physmem_keep,0 46 54 55 56 57 58 59 60,0 46 54 58 59 60 61 62 63,0.3333333432674408,7.333333313465118,-0.29947916232049465,0.0,0.3333333432674408,0.0,-0.0598958320915699,0.0,0.3333333432674408,0.0598958320915699,1.0,0.3333333432674408,Turn Left,Right,True,True,viewpoint_locomotion,True
72,54,60,64,0.9734789486974478,58,58-59-60,9,225280,0.0,0.0,129.5999069698155,0.9734789486974478,0.9734789486974478,0.9734789486974478,0.0,0.0,0.0,0.0,129.5999069698155,0.9734789486974478,0.026521051302552223,l1,True,False,KEEP,physmem_rule,proposal_keep_validated|prev=KEEP,0.6060982564812732,0.9734789486974478,Viewpoint Locomotion,depth,physmem_keep,0 46 54 58 59 60 61 62 63,0 46 54 61 62 63 64 65 66,0.6666666865348816,7.333333313465118,-0.35937499441206455,0.0,0.3333333432674408,0.0,-0.0598958320915699,0.0,0.3333333432674408,0.0598958320915699,1.0,0.3333333432674408,Turn Left,Right,True,True,viewpoint_locomotion,True
75,54,63,67,0.9450355134904385,61,61-62-63,9,225280,0.0,0.0,144.81211104430258,0.9450355134904385,0.9450355134904385,0.9450355134904385,0.0,0.0,0.0,0.0,144.81211104430258,0.9450355134904385,0.05496448650956154,l1,True,False,KEEP,physmem_rule,pose_viewpoint_change_protect_memory|prev=KEEP,0.4876953746178231,0.9450355134904385,Turn Right,depth,physmem_keep,0 46 54 61 62 63 64 65 66,0 46 54 64 65 66 67 68 69,0.6666666865348816,7.333333313465118,-0.17968749441206455,0.0,0.0,0.0,0.1796875,0.0,0.0,0.1796875,1.0,0.0,Turn Right,None,True,False,viewpoint_change,True
78,54,66,70,0.9109617993235588,64,64-65-66,9,225280,0.0,0.0,129.02371888048947,0.9109617993235588,0.9109617993235588,0.9109617993235588,0.0,0.0,0.0,0.0,129.02371888048947,0.9109617993235588,0.08903820067644119,l1,True,False,KEEP,physmem_rule,pose_viewpoint_change_protect_memory|prev=KEEP,0.44628685237348686,0.9109617993235588,Turn Right,depth,physmem_keep,0 46 54 64 65 66 67 68 69,0 46 54 67 68 69 70 71 72,0.6666666865348816,7.333333313465118,5.587935447692871e-09,0.0,0.0,0.0,0.1796875,0.0,0.0,0.1796875,1.0,0.0,Turn Right,None,True,False,viewpoint_change,True
81,54,69,73,0.936768189072609,67,67-68-69,9,225280,0.0,0.0,129.1533389594406,0.936768189072609,0.936768189072609,0.936768189072609,0.0,0.0,0.0,0.0,129.1533389594406,0.936768189072609,0.06323181092739105,l1,True,False,KEEP,physmem_rule,pose_pose_revisit_preserve_memory|prev=KEEP,0.49521518876419435,0.936768189072609,Viewpoint Locomotion,depth,physmem_keep,0 46 54 67 68 69 70 71 72,0 46 54 70 71 72 73 74 75,0.6666666865348816,6.999999970197678,-0.04003905691206455,0.0,0.0,-0.3333333432674408,-0.0400390625,0.0,0.3333333432674408,0.0400390625,1.0,0.3333333432674408,Turn Left,Backward,True,True,viewpoint_locomotion,True
84,54,72,76,0.9354072287678719,46,46-70,9,225280,0.0,0.0,130.97851909697056,0.9354072287678719,0.9354072287678719,0.9354072287678719,0.0,0.0,0.0,0.0,130.97851909697056,0.9354072287678719,0.06459277123212814,l1,True,False,INSERT,physmem_rule,pose_forward_progression_preserve_progression|prev=KEEP,0.490945065173245,0.9354072287678719,Viewpoint Locomotion,depth,physmem_insert,0 46 54 70 71 72 73 74 75,0 54 71 72 73 74 75 76 77,0.6666666865348816,7.999999970197678,5.587935447692871e-09,0.0,0.0,1.0,0.0400390625,0.0,1.0,0.0400390625,1.0,1.0,Turn Right,Walk,True,True,viewpoint_locomotion,True
87,71,74,78,0.9408565536141396,72,72-73-74,9,225280,0.0,0.0,276.3052580412477,0.9408565536141396,0.9408565536141396,0.9408565536141396,0.0,0.0,0.0,0.0,276.3052580412477,0.9408565536141396,0.05914344638586044,l1,False,False,KEEP,physmem_rule,proposal_keep_validated|prev=INSERT,0.5989794128652162,0.9408565536141396,Walk,depth,physmem_keep,0 54 71 72 73 74 75 76 77,0 54 71 75 76 77 78 79 80,0.0,8.999999970197678,5.587935447692871e-09,0.0,-0.6666666865348816,1.0,0.0,0.0,1.201850436175566,0.0,1.0,1.201850436175566,None,Walk,False,True,locomotion,True
90,71,77,81,0.918697789311409,75,75-76-77,9,225280,0.0,0.0,60.341934906318784,0.918697789311409,0.918697789311409,0.918697789311409,0.0,0.0,0.0,0.0,60.341934906318784,0.918697789311409,0.081302210688591,l1,True,False,KEEP,physmem_rule,proposal_keep_validated|prev=KEEP,0.5479102092378496,0.918697789311409,Walk,depth,physmem_keep,0 54 71 75 76 77 78 79 80,0 54 71 78 79 80 81 82 83,0.3333333432674408,9.999999970197678,5.587935447692871e-09,0.0,0.3333333432674408,1.0,0.0,0.0,1.0540925565309005,0.0,1.0,1.0540925565309005,None,Walk,False,True,locomotion,True
93,71,80,84,0.9285323992371559,54,54-78,9,225280,0.0,0.0,137.42279610596597,0.9285323992371559,0.9285323992371559,0.9285323992371559,0.0,0.0,0.0,0.0,137.42279610596597,0.9285323992371559,0.07146760076284409,l1,True,False,INSERT,physmem_rule,pose_forward_progression_preserve_progression|prev=KEEP,0.5440184142321276,0.9285323992371559,Viewpoint Locomotion,depth,physmem_insert,0 54 71 78 79 80 81 82 83,0 71 79 80 81 82 83 84 85,0.6666666865348816,10.999999970197678,-0.08007811941206455,0.0,0.3333333432674408,1.0,-0.080078125,0.0,1.0540925565309005,0.080078125,1.0,1.0540925565309005,Turn Left,Walk,True,True,viewpoint_locomotion,True
96,79,82,86,0.9709251709282398,80,80-81-82,9,225280,0.0,0.0,178.58049203641713,0.9709251709282398,0.9709251709282398,0.9709251709282398,0.0,0.0,0.0,0.0,178.58049203641713,0.9709251709282398,0.029074829071760178,l1,False,False,KEEP,physmem_rule,proposal_keep_validated|prev=INSERT,0.6322123410505065,0.9709251709282398,Viewpoint Locomotion,depth,physmem_keep,0 71 79 80 81 82 83 84 85,0 71 79 83 84 85 86 87 88,0.6666666865348816,11.999999970197678,5.587935447692871e-09,0.0,0.0,1.0,0.080078125,0.0,1.0,0.080078125,1.0,1.0,Turn Right,Walk,True,True,viewpoint_locomotion,True
99,79,85,89,0.9543207697570324,71,71-83,9,225280,0.0,0.0,55.040294071659446,0.9543207697570324,0.9543207697570324,0.9543207697570324,0.0,0.0,0.0,0.0,55.040294071659446,0.9543207697570324,0.045679230242967606,l1,True,False,INSERT,physmem_rule,pose_forward_progression_preserve_progression|prev=KEEP,0.4284717144182945,0.9543207697570324,Walk,depth,physmem_insert,0 71 79 83 84 85 86 87 88,0 79 84 85 86 87 88 89 90,0.3333333432674408,12.999999970197678,5.587935447692871e-09,0.0,-0.3333333432674408,1.0,0.0,0.0,1.0540925565309005,0.0,1.0,1.0540925565309005,None,Walk,False,True,locomotion,True
102,84,87,91,0.8816323652863503,79,79-85,9,225280,0.0,0.0,136.11349486745894,0.8816323652863503,0.8816323652863503,0.8816323652863503,0.0,0.0,0.0,0.0,136.11349486745894,0.8816323652863503,0.11836763471364975,l1,False,False,INSERT,physmem_rule,pose_forward_progression_preserve_progression|prev=INSERT,0.40188745933557823,0.8816323652863503,Walk,depth,physmem_insert,0 79 84 85 86 87 88 89 90,0 84 86 87 88 89 90 91 92,0.0,13.999999970197678,5.587935447692871e-09,0.0,-0.3333333432674408,1.0,0.0,0.0,1.0540925565309005,0.0,1.0,1.0540925565309005,None,Walk,False,True,locomotion,True
105,86,89,93,0.9765172563493252,84,84-87,9,225280,0.0,0.0,178.00613190047443,0.9765172563493252,0.9765172563493252,0.9765172563493252,0.0,0.0,0.0,0.0,178.00613190047443,0.9765172563493252,0.02348274365067482,l1,False,False,INSERT,physmem_rule,pose_forward_progression_preserve_progression|prev=INSERT,0.4821362556367237,0.9765172563493252,Walk,depth,physmem_insert,0 84 86 87 88 89 90 91 92,0 86 88 89 90 91 92 93 94,0.3333333432674408,14.66666665673256,5.587935447692871e-09,0.0,0.3333333432674408,0.6666666865348816,0.0,0.0,0.7453560147132695,0.0,1.0,0.7453560147132695,None,Walk,False,True,locomotion,True
108,88,91,95,0.9871452851220965,86,86-89,9,225280,0.0,0.0,128.90414893627167,0.9871452851220965,0.9871452851220965,0.9871452851220965,0.0,0.0,0.0,0.0,128.90414893627167,0.9871452851220965,0.012854714877903461,l1,False,False,INSERT,physmem_rule,pose_lateral_motion_preserve_progression|prev=INSERT,0.5794506605524139,0.9871452851220965,Right,depth,physmem_insert,0 86 88 89 90 91 92 93 94,0 88 90 91 92 93 94 95 96,0.6666666865348816,14.66666665673256,5.587935447692871e-09,0.0,0.3333333432674408,0.0,0.0,0.0,0.3333333432674408,0.0,1.0,0.3333333432674408,None,Right,False,True,lateral_motion,True
111,90,93,97,0.9746440071612597,91,91-92-93,9,225280,0.0,0.0,152.62624784372747,0.9746440071612597,0.9746440071612597,0.9746440071612597,0.0,0.0,0.0,0.0,152.62624784372747,0.9746440071612597,0.02535599283874035,l1,False,False,KEEP,physmem_rule,proposal_keep_validated|prev=INSERT,0.6079603701172407,0.9746440071612597,Turn Left,depth,physmem_keep,0 88 90 91 92 93 94 95 96,0 88 90 94 95 96 97 98 99,0.6666666865348816,14.66666665673256,-0.17968749441206455,0.0,0.0,0.0,-0.1796875,0.0,0.0,0.1796875,1.0,0.0,Turn Left,None,True,False,viewpoint_change,True
114,90,96,100,0.9045645967125893,94,94-95-96,9,225280,0.0,0.0,144.80408001691103,0.9045645967125893,0.9045645967125893,0.9045645967125893,0.0,0.0,0.0,0.0,144.80408001691103,0.9045645967125893,0.09543540328741074,l1,True,False,KEEP,physmem_rule,pose_viewpoint_change_protect_memory|prev=KEEP,0.5135740157438331,0.9045645967125893,Turn Left,depth,physmem_keep,0 88 90 94 95 96 97 98 99,0 88 90 97 98 99 100 101 102,0.6666666865348816,14.66666665673256,-0.35937499441206455,0.0,0.0,0.0,-0.1796875,0.0,0.0,0.1796875,1.0,0.0,Turn Left,None,True,False,viewpoint_change,True
117,90,99,103,0.9440803863108158,88,88-97,9,225280,0.0,0.0,132.95030617155135,0.9440803863108158,0.9440803863108158,0.9440803863108158,0.0,0.0,0.0,0.0,132.95030617155135,0.9440803863108158,0.05591961368918419,l1,True,False,INSERT,physmem_rule,pose_lateral_motion_preserve_progression|prev=KEEP,0.5634133336735812,0.9440803863108158,Viewpoint Locomotion,depth,physmem_insert,0 88 90 97 98 99 100 101 102,0 90 98 99 100 101 102 103 104,0.3333333432674408,14.66666665673256,-0.29947916232049465,0.0,-0.3333333432674408,0.0,0.0598958320915699,0.0,0.3333333432674408,0.0598958320915699,1.0,0.3333333432674408,Turn Right,Left,True,True,viewpoint_locomotion,True
