frame_index,reference_frame,middle_frame,current_frame,similarity,delete_frame,delete_range,memory_size,matching_points,orb_runtime_ms,lightglue_runtime_ms,runtime_ms,confidence,semantic_similarity,final_similarity,spatial_alpha,average_displacement,median_displacement,maximum_displacement,depth_runtime_ms,geometry_similarity,depth_difference,depth_metric,depth_cache_hit_reference,depth_cache_hit_current,memory_state,policy,transition,unified_memory_score,geometry_confidence,intent_state,estimator,decision,window_before,window_after,pose_x,pose_z,pose_yaw,pose_pitch,delta_x,delta_z,local_delta_x,local_delta_z,delta_yaw,delta_pitch,movement_magnitude,rotation_magnitude,pose_confidence,pose_delta_position,view_state,view_confidence,view_pose_distance,view_yaw_delta,nearest_view_frame_id,key_anchor_frame_id,key_anchor_type,key_anchor_reason,memory_selection_mode,memory_selection_target,memory_selection_anchor_type,memory_selection_reason,trajectory_motion_state,trajectory_direction,trajectory_frames,trajectory_distance,trajectory_should_progress,trajectory_confidence,revisit_gate_allow_retrieve,revisit_gate_allow_soft_reuse,revisit_gate_force_progress,revisit_gate_protect_current,revisit_gate_reason,selection_is_hard_retrieve,selection_is_soft_reuse,selection_is_progress,action_mode,action_mode_confidence,action_mode_reason,scheduler_path,view_intent,move_intent,has_view_motion,has_move_motion,action_explanation,use_pose_memory
9,2,5,9,0.9849736634641886,3,3-4-5,9,225280,0.0,0.0,648.8187471404672,0.9849736634641886,0.9849736634641886,0.9849736634641886,0.0,0.0,0.0,0.0,648.8187471404672,0.9849736634641886,0.015026336535811424,l1,False,False,KEEP,physmem_rule,selection_hybrid_locomotion|insert_hysteresis_enter=0.35|mode=Viewpoint Locomotion|view=Novel View|selection=hybrid_locomotion|trajectory=Starting:right|prev=KEEP,0.654743795960387,0.9849736634641886,Viewpoint Locomotion,depth,physmem_keep,0 1 2 3 4 5 6 7 8,0 1 2 6 7 8 9 10 11,0.6663677496442973,0.01996229369068322,-0.0598958320915699,0.0,0.6663677496442973,0.01996229369068322,0.6666666865348816,0.0,-0.0598958320915699,0.0,0.6666666865348816,0.0598958320915699,1.0,0.6666666865348816,Novel View,0.0,inf,inf,,9,initial_anchor,first_pose,hybrid_locomotion,,,novel_view_progress,Starting,right,1,0.6666666865348816,False,0.75,False,False,True,False,novel_view_progress,False,False,False,Viewpoint Locomotion,0.6666666865348816,move=0.6667:view=0.0599:Viewpoint Locomotion,Viewpoint Locomotion->hybrid_locomotion,Turn Left,Right,True,True,viewpoint_locomotion,True
12,2,8,12,0.978451993316412,6,6-7-8,9,225280,0.0,0.0,117.1725639142096,0.978451993316412,0.978451993316412,0.978451993316412,0.0,0.0,0.0,0.0,117.1725639142096,0.978451993316412,0.021548006683588028,l1,True,False,KEEP,physmem_rule,action_mode_view_rotation_protect|mode=View Rotation Only|view=View Transition|selection=protect_current|trajectory=Idle:none|prev=KEEP,0.6374182226694904,0.978451993316412,Turn Left,depth,physmem_keep,0 1 2 6 7 8 9 10 11,0 1 2 9 10 11 12 13 14,0.6663677496442973,0.01996229369068322,-0.2395833320915699,0.0,0.0,0.0,0.0,0.0,-0.1796875,0.0,0.0,0.1796875,1.0,0.0,View Transition,0.5989583333333334,0.0,0.1796875,9,,,,protect_current,,,view=0.1797:Turn Left,Idle,none,0,0.0,False,0.0,False,False,False,True,view_transition,False,False,False,View Rotation Only,0.998263888888889,view=0.1797:Turn Left,View Rotation Only->protect_current,Turn Left,None,True,False,viewpoint_change,True
15,2,11,15,0.9777678437530994,9,9-10-11,9,225280,0.0,0.0,141.4937567897141,0.9777678437530994,0.9777678437530994,0.9777678437530994,0.0,0.0,0.0,0.0,141.4937567897141,0.9777678437530994,0.02223215624690056,l1,True,False,KEEP,physmem_rule,proposal_keep_validated|mode=Viewpoint Locomotion|view=Known View|selection=current_window|trajectory=Starting:left|prev=KEEP,0.7498709720424426,0.9777678437530994,Viewpoint Locomotion,depth,physmem_keep,0 1 2 9 10 11 12 13 14,0 1 2 12 13 14 15 16 17,0.345069132957115,-0.06879758828733987,-0.2994791641831398,0.0,-0.32129861668718235,-0.08875988197802309,-0.3333333432674408,0.0,-0.0598958320915699,0.0,0.3333333432674408,0.0598958320915699,0.6666666865348816,0.3333333432674408,Known View,0.5377178604598918,0.3333333432674408,0.2395833320915699,9,,,,current_window,,,view_state=Known View,Starting,left,1,0.3333333432674408,False,0.75,False,False,False,False,known_view_blocked_by_motion:0.3333,False,False,False,Viewpoint Locomotion,0.3333333432674408,move=0.3333:view=0.0599:Viewpoint Locomotion,Viewpoint Locomotion->current_window,Turn Left,Left,True,True,viewpoint_locomotion,True
18,2,14,18,0.9336422756314278,1,1-12,9,225280,0.0,0.0,102.98474226146936,0.9336422756314278,0.9336422756314278,0.9336422756314278,0.0,0.0,0.0,0.0,102.98474226146936,0.9336422756314278,0.06635772436857224,l1,True,False,INSERT,physmem_rule,pose_lateral_motion_preserve_progression|mode=Viewpoint Locomotion|view=Known View|selection=current_window|trajectory=Starting:right|prev=KEEP,0.508621956627328,0.9336422756314278,Viewpoint Locomotion,depth,physmem_insert,0 1 2 12 13 14 15 16 17,0 2 13 14 15 16 17 18 19,0.6604784219946442,0.03903607121974452,-0.3593749962747097,0.0,0.3154092890375293,0.10783365950708439,0.3333333432674408,0.0,-0.0598958320915699,0.0,0.3333333432674408,0.0598958320915699,1.0,0.3333333432674408,Known View,0.6555028474294428,0.01996229369068325,0.2994791641831398,9,,,,current_window,,,view_state=Known View,Starting,right,1,0.3333333432674408,False,0.75,False,False,False,False,known_view_blocked_by_motion:0.3333,False,False,False,Viewpoint Locomotion,0.3333333432674408,move=0.3333:view=0.0599:Viewpoint Locomotion,Viewpoint Locomotion->current_window,Turn Left,Right,True,True,viewpoint_locomotion,True
21,13,16,20,0.9560916088521481,14,14-15-16,9,225280,0.0,0.0,171.40178196132183,0.9560916088521481,0.9560916088521481,0.9560916088521481,0.0,0.0,0.0,0.0,171.40178196132183,0.9560916088521481,0.043908391147851944,l1,False,False,KEEP,physmem_rule,proposal_keep_validated|mode=Viewpoint Locomotion|view=Known View|selection=current_window|trajectory=Starting:left|prev=INSERT,0.5906657804585057,0.9560916088521481,Viewpoint Locomotion,depth,physmem_keep,0 2 13 14 15 16 17 18 19,0 2 13 17 18 19 20 21 22,0.34506913295711494,-0.06879758828733987,-0.2994791641831398,0.0,-0.3154092890375293,-0.10783365950708439,-0.3333333432674408,0.0,0.0598958320915699,0.0,0.3333333432674408,0.0598958320915699,1.0,0.3333333432674408,Known View,1.0,5.551115123125783e-17,0.0,15,,,,current_window,,,view_state=Known View,Starting,left,1,0.3333333432674408,False,0.75,False,False,False,False,known_view_blocked_by_motion:0.3333,False,False,False,Viewpoint Locomotion,0.3333333432674408,move=0.3333:view=0.0599:Viewpoint Locomotion,Viewpoint Locomotion->current_window,Turn Right,Left,True,True,viewpoint_locomotion,True
24,13,19,23,0.9752921257168055,17,17-18-19,9,225280,0.0,0.0,140.53192595019937,0.9752921257168055,0.9752921257168055,0.9752921257168055,0.0,0.0,0.0,0.0,140.53192595019937,0.9752921257168055,0.024707874283194542,l1,True,False,KEEP,physmem_rule,view_revisit_retrieve_memory|mode=Viewpoint Locomotion|view=Revisit|selection=current_window|trajectory=Starting:right|prev=KEEP,0.6877590132581018,0.9752921257168055,Viewpoint Locomotion,depth,physmem_keep,0 2 13 17 18 19 20 21 22,0 2 13 20 21 22 23 24 25,0.6663677496442972,0.019962293690683225,-0.2395833320915699,0.0,0.32129861668718235,0.08875988197802309,0.3333333432674408,0.0,0.0598958320915699,0.0,0.3333333432674408,0.0598958320915699,0.6666666865348816,0.3333333432674408,Revisit,0.7433035714285714,1.1107649934270853e-16,0.1796875,9,,,,current_window,,,view_state=Revisit,Starting,right,1,0.3333333432674408,False,0.75,False,False,False,False,revisit_blocked_by_motion:0.3333,False,False,False,Viewpoint Locomotion,0.3333333432674408,move=0.3333:view=0.0599:Viewpoint Locomotion,Viewpoint Locomotion->current_window,Turn Right,Right,True,True,viewpoint_locomotion,True
27,13,22,26,0.9697453211992979,20,20-21-22,9,225280,0.0,0.0,70.61580009758472,0.9697453211992979,0.9697453211992979,0.9697453211992979,0.0,0.0,0.0,0.0,70.61580009758472,0.9697453211992979,0.030254678800702095,l1,True,False,KEEP,physmem_rule,action_mode_view_rotation_protect|mode=View Rotation Only|view=View Transition|selection=protect_current|trajectory=Idle:none|prev=KEEP,0.5267042713567593,0.9697453211992979,Turn Right,depth,physmem_keep,0 2 13 20 21 22 23 24 25,0 2 13 23 24 25 26 27 28,0.6663677496442972,0.019962293690683225,-0.0598958320915699,0.0,0.0,0.0,0.0,0.0,0.1796875,0.0,0.0,0.1796875,1.0,0.0,View Transition,0.5989583333333334,0.0,0.1796875,23,,,,protect_current,,,view=0.1797:Turn Right,Idle,none,0,0.0,False,0.0,False,False,False,True,view_transition,False,False,False,View Rotation Only,0.998263888888889,view=0.1797:Turn Right,View Rotation Only->protect_current,Turn Right,None,True,False,viewpoint_change,True
30,13,25,29,0.9713761936873198,23,23-24-25,9,225280,0.0,0.0,73.15628882497549,0.9713761936873198,0.9713761936873198,0.9713761936873198,0.0,0.0,0.0,0.0,73.15628882497549,0.9713761936873198,0.028623806312680244,l1,True,False,KEEP,physmem_rule,view_revisit_retrieve_memory|mode=Viewpoint Locomotion|view=Revisit|selection=current_window|trajectory=Starting:backward|prev=KEEP,0.570747074705545,0.9713761936873198,Viewpoint Locomotion,depth,physmem_keep,0 2 13 23 24 25 26 27 28,0 2 13 26 27 28 29 30 31,0.7129876555922678,-0.6450723334565056,-0.08007812313735485,0.0,0.046619905947970657,-0.6650346271471889,0.0,-0.6666666865348816,-0.02018229104578495,0.0,0.6666666865348816,0.02018229104578495,1.0,0.6666666865348816,Revisit,0.5267236979589576,0.6666666865348816,0.02018229104578495,9,,,,current_window,,,view_state=Revisit,Starting,backward,1,0.6666666865348816,False,0.75,False,False,False,False,revisit_blocked_by_motion:0.6667,False,False,False,Viewpoint Locomotion,0.6666666865348816,move=0.6667:view=0.0202:Viewpoint Locomotion,Viewpoint Locomotion->current_window,Turn Left,Backward,True,True,viewpoint_locomotion,True
33,13,28,32,0.9540015496313572,2,2-26,9,225280,0.0,0.0,62.30862205848098,0.9540015496313572,0.9540015496313572,0.9540015496313572,0.0,0.0,0.0,0.0,62.30862205848098,0.9540015496313572,0.04599845036864281,l1,True,False,INSERT,physmem_rule,pose_forward_progression_preserve_progression|mode=Viewpoint Locomotion|view=Known View|selection=current_window|trajectory=Starting:forward|prev=KEEP,0.495840236005208,0.9540015496313572,Viewpoint Locomotion,depth,physmem_insert,0 2 13 26 27 28 29 30 31,0 13 27 28 29 30 31 32 33,0.672959292043139,0.3541262104333355,1.862645149230957e-09,0.0,-0.04002836354912891,0.9991985438898411,0.0,1.0,0.080078125,0.0,1.0,0.080078125,1.0,1.0,Known View,0.41520195891044703,0.3153372289261253,0.35937499813735485,18,,,,current_window,,,view_state=Known View,Starting,forward,1,1.0,False,0.75,False,False,False,False,known_view_blocked_by_motion:1.0000,False,False,False,Viewpoint Locomotion,1.0,move=1.0000:view=0.0801:Viewpoint Locomotion,Viewpoint Locomotion->current_window,Turn Right,Walk,True,True,viewpoint_locomotion,True
36,27,30,34,0.9111622869968414,28,28-29-30,9,225280,0.0,0.0,148.88312621042132,0.9111622869968414,0.9111622869968414,0.9111622869968414,0.0,0.0,0.0,0.0,148.88312621042132,0.9111622869968414,0.08883771300315857,l1,False,False,KEEP,physmem_rule,action_mode_locomotion_orb_keep|mode=Locomotion Only|view=Novel View|selection=orb_locomotion|trajectory=Progressing:forward|prev=INSERT,0.6034411582303626,0.9111622869968414,Walk,depth,physmem_keep,0 13 27 28 29 30 31 32 33,0 13 27 31 32 33 34 35 36,0.33962595063834333,1.3541262110542172,1.862645149230957e-09,0.0,-0.33333334140479565,1.0000000006208818,-0.3333333432674408,1.0,0.0,0.0,1.0540925565309005,0.0,1.0,1.0540925565309005,Novel View,0.5,1.0540925565309003,0.0,32,,,,orb_locomotion,,,move=1.0541:Walk,Progressing,forward,2,2.0540925565309003,True,1.0,False,False,False,False,locomotion_only_orb_dominant,False,False,False,Locomotion Only,1.0,move=1.0541:Walk,Locomotion Only->orb_locomotion,None,Walk,False,True,locomotion,True
39,27,33,37,0.9639297425746918,31,31-32-33,9,225280,0.0,0.0,74.13496635854244,0.9639297425746918,0.9639297425746918,0.9639297425746918,0.0,0.0,0.0,0.0,74.13496635854244,0.9639297425746918,0.03607025742530823,l1,True,False,KEEP,physmem_rule,action_mode_locomotion_orb_keep|mode=Locomotion Only|view=Novel View|selection=orb_locomotion|trajectory=Progressing:forward|prev=KEEP,0.5888534402381482,0.9639297425746918,Walk,depth,physmem_keep,0 13 27 31 32 33 34 35 36,0 13 27 34 35 36 37 38 39,0.006292609233547686,2.3541262116750987,1.862645149230957e-09,0.0,-0.33333334140479565,1.0000000006208818,-0.3333333432674408,1.0,0.0,0.0,1.0540925565309005,0.0,1.0,1.0540925565309005,Novel View,0.5,1.0540925565309003,0.0,34,,,,orb_locomotion,,,move=1.0541:Walk,Progressing,forward,3,3.1081851130618006,True,1.0,False,False,False,False,locomotion_only_orb_dominant,False,False,False,Locomotion Only,1.0,move=1.0541:Walk,Locomotion Only->orb_locomotion,None,Walk,False,True,locomotion,True
42,27,36,40,0.9003983587026596,0,0-13-27,9,225280,0.0,0.0,69.91427857428789,0.9003983587026596,0.9003983587026596,0.9003983587026596,0.0,0.0,0.0,0.0,69.91427857428789,0.9003983587026596,0.0996016412973404,l1,True,False,INSERT,physmem_rule,trajectory_forward_progress|trajectory_progress_bypasses_insert_hysteresis|mode=Viewpoint Locomotion|view=Novel View|selection=hybrid_locomotion|trajectory=Progressing:forward|prev=KEEP,0.5499374473918678,0.9003983587026596,Viewpoint Locomotion,depth,physmem_insert,0 13 27 34 35 36 37 38 39,34 35 36 37 38 39 40 41 42,0.652807514202795,3.3672712894344508,-0.04003906063735485,0.0,0.6465149049692474,1.013145077759352,0.6666666865348816,1.0,-0.0400390625,0.0,1.2018504361755662,0.0400390625,1.0,1.2018504361755662,Novel View,0.5,1.2018504361755662,0.0400390625,37,40,forward_anchor,hybrid_forward_progress,hybrid_locomotion,,,hybrid_forward_progress,Progressing,forward,4,4.310035549237367,True,1.0,False,False,True,False,hybrid_forward_progress,False,False,False,Viewpoint Locomotion,1.0,move=1.2019:view=0.0400:Viewpoint Locomotion,Viewpoint Locomotion->hybrid_locomotion,Turn Left,Walk,True,True,viewpoint_locomotion,True
45,36,39,43,0.9871321441605687,34,34-35-36,9,225280,0.0,0.0,70.04332914948463,0.9871321441605687,0.9871321441605687,0.9871321441605687,0.0,0.0,0.0,0.0,70.04332914948463,0.9871321441605687,0.012867855839431286,l1,True,False,INSERT,physmem_rule,trajectory_forward_progress|trajectory_progress_bypasses_insert_hysteresis|mode=Viewpoint Locomotion|view=Novel View|selection=hybrid_locomotion|trajectory=Progressing:forward|prev=INSERT,0.6370649335066937,0.9871321441605687,Viewpoint Locomotion,depth,physmem_insert,34 35 36 37 38 39 40 41 42,37 38 39 40 41 42 43 44 45,0.6327893220316694,4.36707090534866,1.862645149230957e-09,0.0,-0.020018192171125698,0.9997996159142091,0.0,1.0,0.0400390625,0.0,1.0,0.0400390625,1.0,1.0,Novel View,0.5,1.0000000000000002,0.0400390625,40,,,,hybrid_locomotion,,,hybrid_forward_progress,Progressing,forward,5,5.310035549237367,True,1.0,False,False,True,False,hybrid_forward_progress,False,False,False,Viewpoint Locomotion,1.0,move=1.0000:view=0.0400:Viewpoint Locomotion,Viewpoint Locomotion->hybrid_locomotion,Turn Right,Walk,True,True,viewpoint_locomotion,True
48,39,42,46,0.9709275290369987,40,40-41-42,9,225280,0.0,0.0,66.47058017551899,0.9709275290369987,0.9709275290369987,0.9709275290369987,0.0,0.0,0.0,0.0,66.47058017551899,0.9709275290369987,0.02907247096300125,l1,True,False,KEEP,physmem_rule,action_mode_locomotion_orb_keep|mode=Locomotion Only|view=Novel View|selection=orb_locomotion|trajectory=Progressing:forward|prev=INSERT,0.653396535836737,0.9709275290369987,Walk,depth,physmem_keep,37 38 39 40 41 42 43 44 45,37 38 39 43 44 45 46 47 48,0.6327893238943145,5.36707090534866,1.862645149230957e-09,0.0,1.862645149230957e-09,1.0,0.0,1.0,0.0,0.0,1.0,0.0,1.0,1.0,Novel View,0.5,1.0,0.0,43,,,,orb_locomotion,,,move=1.0000:Walk,Progressing,forward,6,6.310035549237367,True,1.0,False,False,False,False,locomotion_only_orb_dominant,False,False,False,Locomotion Only,1.0,move=1.0000:Walk,Locomotion Only->orb_locomotion,None,Walk,False,True,locomotion,True
51,39,45,49,0.9546846225857735,43,43-44-45,9,225280,0.0,0.0,72.43972597643733,0.9546846225857735,0.9546846225857735,0.9546846225857735,0.0,0.0,0.0,0.0,72.43972597643733,0.9546846225857735,0.04531537741422653,l1,True,False,KEEP,physmem_rule,action_mode_locomotion_orb_keep|mode=Locomotion Only|view=Novel View|selection=orb_locomotion|trajectory=Progressing:forward|prev=KEEP,0.5798488781719768,0.9546846225857735,Walk,depth,physmem_keep,37 38 39 43 44 45 46 47 48,37 38 39 46 47 48 49 50 51,-0.3672106742430403,6.367070907211305,1.862645149230957e-09,0.0,-0.9999999981373549,1.0000000018626451,-1.0,1.0,0.0,0.0,1.4142135623730951,0.0,1.0,1.4142135623730951,Novel View,0.5,1.4142135623730951,0.0,46,,,,orb_locomotion,,,move=1.4142:Walk,Progressing,forward,7,7.724249111610462,True,1.0,False,False,False,False,locomotion_only_orb_dominant,False,False,False,Locomotion Only,1.0,move=1.4142:Walk,Locomotion Only->orb_locomotion,None,Walk,False,True,locomotion,True
54,39,48,52,0.9741798732429743,46,46-47-48,9,225280,0.0,0.0,61.64947897195816,0.9741798732429743,0.9741798732429743,0.9741798732429743,0.0,0.0,0.0,0.0,61.64947897195816,0.9741798732429743,0.02582012675702572,l1,True,False,KEEP,physmem_rule,action_mode_locomotion_orb_keep|mode=Locomotion Only|view=Novel View|selection=orb_locomotion|trajectory=Progressing:forward|prev=KEEP,0.6000547865291692,0.9741798732429743,Walk,depth,physmem_keep,37 38 39 46 47 48 49 50 51,37 38 39 49 50 51 52 53 54,0.6327893276196048,7.36707090534866,1.862645149230957e-09,0.0,1.0000000018626451,0.9999999981373549,1.0,1.0,0.0,0.0,1.4142135623730951,0.0,1.0,1.4142135623730951,Novel View,0.5,1.4142135623730951,0.0,49,,,,orb_locomotion,,,move=1.4142:Walk,Progressing,forward,8,9.138462673983557,True,1.0,False,False,False,False,locomotion_only_orb_dominant,False,False,False,Locomotion Only,1.0,move=1.4142:Walk,Locomotion Only->orb_locomotion,None,Walk,False,True,locomotion,True
57,39,51,55,0.9755154103040695,49,49-50-51,9,225280,0.0,0.0,77.16900808736682,0.9755154103040695,0.9755154103040695,0.9755154103040695,0.0,0.0,0.0,0.0,77.16900808736682,0.9755154103040695,0.02448458969593048,l1,True,False,KEEP,physmem_rule,action_mode_locomotion_orb_keep|mode=Locomotion Only|view=Known View|selection=orb_locomotion|trajectory=Starting:left|prev=KEEP,0.5990913158156422,0.9755154103040695,Left,depth,physmem_keep,37 38 39 49 50 51 52 53 54,37 38 39 52 53 54 55 56 57,0.29945598435216403,7.367070905969542,1.862645149230957e-09,0.0,-0.3333333432674408,6.208817349140361e-10,-0.3333333432674408,0.0,0.0,0.0,0.3333333432674408,0.0,1.0,0.3333333432674408,Known View,0.8039215627838583,0.3333333432674408,0.0,52,,,,orb_locomotion,,,move=0.3333:Left,Starting,left,1,0.3333333432674408,False,0.75,False,False,False,False,locomotion_only_orb_dominant,False,False,False,Locomotion Only,0.3333333432674408,move=0.3333:Left,Locomotion Only->orb_locomotion,None,Left,False,True,lateral_motion,True
60,39,54,58,0.965979091823101,52,52-53-54,9,225280,0.0,0.0,55.96597259864211,0.965979091823101,0.965979091823101,0.965979091823101,0.0,0.0,0.0,0.0,55.96597259864211,0.965979091823101,0.034020908176898956,l1,True,False,KEEP,physmem_rule,proposal_keep_validated|mode=Viewpoint Locomotion|view=Known View|selection=current_window|trajectory=Starting:right|prev=KEEP,0.5995624847416209,0.965979091823101,Viewpoint Locomotion,depth,physmem_keep,37 38 39 52 53 54 55 56 57,37 38 39 55 56 57 58 59 60,0.6321915879204952,7.387024247841716,-0.11979166232049465,0.0,0.3327356035683312,0.019953341872174398,0.3333333432674408,0.0,-0.1197916641831398,0.0,0.3333333432674408,0.1197916641831398,1.0,0.3333333432674408,Known View,0.8551556252072205,0.019962293690683336,0.1197916641831398,52,58,forward_anchor,lateral_motion,current_window,,,view_state=Known View,Starting,right,1,0.3333333432674408,False,0.75,False,False,False,False,known_view_blocked_by_motion:0.3333,False,False,False,Viewpoint Locomotion,0.3333333432674408,move=0.3333:view=0.1198:Viewpoint Locomotion,Viewpoint Locomotion->current_window,Turn Left,Right,True,True,viewpoint_locomotion,True
63,39,57,61,0.9785999208688736,55,55-56-57,9,225280,0.0,0.0,55.11423805728555,0.9785999208688736,0.9785999208688736,0.9785999208688736,0.0,0.0,0.0,0.0,55.11423805728555,0.9785999208688736,0.021400079131126404,l1,True,False,KEEP,physmem_rule,action_mode_view_rotation_protect|mode=View Rotation Only|view=View Transition|selection=protect_current|trajectory=Idle:none|prev=KEEP,0.5859453739088091,0.9785999208688736,Turn Left,depth,physmem_keep,37 38 39 55 56 57 58 59 60,37 38 39 58 59 60 61 62 63,0.6321915879204952,7.387024247841716,-0.29947916232049465,0.0,0.0,0.0,0.0,0.0,-0.1796875,0.0,0.0,0.1796875,1.0,0.0,View Transition,0.5989583333333334,0.0,0.1796875,58,,,,protect_current,,,view=0.1797:Turn Left,Idle,none,0,0.0,False,0.0,False,False,False,True,view_transition,False,False,False,View Rotation Only,0.998263888888889,view=0.1797:Turn Left,View Rotation Only->protect_current,Turn Left,None,True,False,viewpoint_change,True
66,39,60,64,0.9794825632125139,58,58-59-60,9,225280,0.0,0.0,56.764718145132065,0.9794825632125139,0.9794825632125139,0.9794825632125139,0.0,0.0,0.0,0.0,56.764718145132065,0.9794825632125139,0.020517436787486076,l1,True,False,KEEP,physmem_rule,proposal_keep_validated|mode=Viewpoint Locomotion|view=Known View|selection=current_window|trajectory=Starting:left|prev=KEEP,0.5881871000417622,0.9794825632125139,Viewpoint Locomotion,depth,physmem_keep,37 38 39 58 59 60 61 62 63,37 38 39 61 62 63 64 65 66,-0.010405645784525741,7.209504485082601,-0.23958333022892475,0.0,-0.642597233705021,-0.17751976275911557,-0.6666666865348816,0.0,0.0598958320915699,0.0,0.6666666865348816,0.0598958320915699,1.0,0.6666666865348816,Known View,0.5293124704950629,0.3476225062076498,0.2395833320915699,55,,,,current_window,,,view_state=Known View,Starting,left,1,0.6666666865348816,False,0.75,False,False,False,False,known_view_blocked_by_motion:0.6667,False,False,False,Viewpoint Locomotion,0.6666666865348816,move=0.6667:view=0.0599:Viewpoint Locomotion,Viewpoint Locomotion->current_window,Turn Right,Left,True,True,viewpoint_locomotion,True
69,39,63,67,0.9641487412154675,61,61-62-63,9,225280,0.0,0.0,62.6158700324595,0.9641487412154675,0.9641487412154675,0.9641487412154675,0.0,0.0,0.0,0.0,62.6158700324595,0.9641487412154675,0.03585125878453255,l1,True,False,KEEP,physmem_rule,view_revisit_retrieve_memory|mode=Viewpoint Locomotion|view=Revisit|selection=current_window|trajectory=Starting:right|prev=KEEP,0.5142250671427004,0.9641487412154675,Viewpoint Locomotion,depth,physmem_keep,37 38 39 61 62 63 64 65 66,37 38 39 64 65 66 67 68 69,0.31089297106798475,7.298264366462158,-0.29947916232049465,0.0,0.3212986168525105,0.08875988137955779,0.3333333432674408,0.0,-0.0598958320915699,0.0,0.3333333432674408,0.0598958320915699,1.0,0.3333333432674408,Revisit,0.5256722305105771,0.0697505881274062,0.2994791641831398,55,,,,current_window,,,view_state=Revisit,Starting,right,1,0.3333333432674408,False,0.75,False,False,False,False,revisit_blocked_by_motion:0.3333,False,False,False,Viewpoint Locomotion,0.3333333432674408,move=0.3333:view=0.0599:Viewpoint Locomotion,Viewpoint Locomotion->current_window,Turn Left,Right,True,True,viewpoint_locomotion,True
72,39,66,70,0.9492360427975655,37,37-38-39,9,225280,0.0,0.0,58.03900305181742,0.9492360427975655,0.9492360427975655,0.9492360427975655,0.0,0.0,0.0,0.0,58.03900305181742,0.9492360427975655,0.05076395720243454,l1,True,False,INSERT,physmem_rule,action_mode_hybrid_right_insert|mode=Viewpoint Locomotion|view=Revisit|selection=hybrid_locomotion|trajectory=Progressing:right|prev=KEEP,0.4303312932482086,0.9492360427975655,Viewpoint Locomotion,depth,physmem_insert,37 38 39 64 65 66 67 68 69,64 65 66 67 68 69 70 71 72,0.6263022603063699,7.4060980253817466,-0.35937499441206455,0.0,0.3154092892383852,0.10783365891958879,0.3333333432674408,0.0,-0.0598958320915699,0.0,0.3333333432674408,0.0598958320915699,1.0,0.3333333432674408,Revisit,0.6444299012182546,0.01996229369068248,0.2395833320915699,58,,,,hybrid_locomotion,,,hybrid_right_progress,Progressing,right,2,0.6666666865348816,True,1.0,False,False,True,False,hybrid_right_progress,False,False,False,Viewpoint Locomotion,0.3333333432674408,move=0.3333:view=0.0599:Viewpoint Locomotion,Viewpoint Locomotion->hybrid_locomotion,Turn Left,Right,True,True,viewpoint_locomotion,True
75,66,69,73,0.9547135196626186,67,67-68-69,9,225280,0.0,0.0,58.63209394738078,0.9547135196626186,0.9547135196626186,0.9547135196626186,0.0,0.0,0.0,0.0,58.63209394738078,0.9547135196626186,0.04528648033738136,l1,True,False,KEEP,physmem_rule,action_mode_view_rotation_protect|mode=View Rotation Only|view=View Transition|selection=protect_current|trajectory=Idle:none|prev=INSERT,0.5635720473054462,0.9547135196626186,Turn Right,depth,physmem_keep,64 65 66 67 68 69 70 71 72,64 65 66 70 71 72 73 74 75,0.6263022603063699,7.4060980253817466,-0.17968749441206455,0.0,0.0,0.0,0.0,0.0,0.1796875,0.0,0.0,0.1796875,1.0,0.0,View Transition,0.5989583333333334,0.0,0.1796875,70,,,,protect_current,,,view=0.1797:Turn Right,Idle,none,0,0.0,False,0.0,False,False,False,True,view_transition,False,False,False,View Rotation Only,0.998263888888889,view=0.1797:Turn Right,View Rotation Only->protect_current,Turn Right,None,True,False,viewpoint_change,True
78,66,72,76,0.9652112312614918,70,70-71-72,9,225280,0.0,0.0,57.65975313261151,0.9652112312614918,0.9652112312614918,0.9652112312614918,0.0,0.0,0.0,0.0,57.65975313261151,0.9652112312614918,0.034788768738508224,l1,True,False,KEEP,physmem_rule,action_mode_view_rotation_protect|mode=View Rotation Only|view=View Transition|selection=protect_current|trajectory=Idle:none|prev=KEEP,0.5601641552959635,0.9652112312614918,Turn Right,depth,physmem_keep,64 65 66 70 71 72 73 74 75,64 65 66 73 74 75 76 77 78,0.6263022603063699,7.4060980253817466,5.587935447692871e-09,0.0,0.0,0.0,0.0,0.0,0.1796875,0.0,0.0,0.1796875,1.0,0.0,View Transition,0.5989583333333334,0.0,0.359375,70,,,,protect_current,,,view=0.1797:Turn Right,Idle,none,0,0.0,False,0.0,False,False,False,True,view_transition,False,False,False,View Rotation Only,0.998263888888889,view=0.1797:Turn Right,View Rotation Only->protect_current,Turn Right,None,True,False,viewpoint_change,True
81,66,75,79,0.9736757185310125,73,73-74-75,9,225280,0.0,0.0,54.7207691706717,0.9736757185310125,0.9736757185310125,0.9736757185310125,0.0,0.0,0.0,0.0,54.7207691706717,0.9736757185310125,0.026324281468987465,l1,True,False,KEEP,physmem_rule,view_revisit_retrieve_memory|mode=Viewpoint Locomotion|view=Revisit|selection=current_window|trajectory=Starting:backward|prev=KEEP,0.5897848649094662,0.9736757185310125,Viewpoint Locomotion,depth,physmem_keep,64 65 66 73 74 75 76 77 78,64 65 66 76 77 78 79 80 81,0.6329749899874267,7.072831476786702,-0.04003905691206455,0.0,0.006672729681056797,-0.3332665485950444,0.0,-0.3333333432674408,-0.0400390625,0.0,0.33333334326744085,0.0400390625,1.0,0.33333334326744085,Revisit,0.7466416865158421,0.29423948713757336,0.0400390587747097,52,,,,current_window,,,view_state=Revisit,Starting,backward,1,0.3333333432674408,False,0.75,False,False,False,False,revisit_blocked_by_motion:0.3333,False,False,False,Viewpoint Locomotion,0.33333334326744085,move=0.3333:view=0.0400:Viewpoint Locomotion,Viewpoint Locomotion->current_window,Turn Left,Backward,True,True,viewpoint_locomotion,True
84,66,78,82,0.949851006269455,65,65-76,9,225280,0.0,0.0,57.905207853764296,0.949851006269455,0.949851006269455,0.949851006269455,0.0,0.0,0.0,0.0,57.905207853764296,0.949851006269455,0.050148993730545044,l1,True,False,INSERT,physmem_rule,pose_forward_progression_preserve_progression|mode=Viewpoint Locomotion|view=Known View|selection=current_window|trajectory=Starting:forward|prev=KEEP,0.54294536698994,0.949851006269455,Viewpoint Locomotion,depth,physmem_insert,64 65 66 76 77 78 79 80 81,64 66 77 78 79 80 81 82 83,0.6129568015408449,8.072631092775485,5.587935447692871e-09,0.0,-0.020018188446581885,0.9997996159887826,0.0,1.0,0.0400390625,0.0,1.0,0.0400390625,1.0,1.0,Known View,0.20853758754293916,0.666666656732559,0.359375,70,,,,current_window,,,view_state=Known View,Starting,forward,1,1.0,False,0.75,False,False,False,False,known_view_blocked_by_motion:1.0000,False,False,False,Viewpoint Locomotion,1.0,move=1.0000:view=0.0400:Viewpoint Locomotion,Viewpoint Locomotion->current_window,Turn Right,Walk,True,True,viewpoint_locomotion,True
87,77,80,84,0.927496887743473,78,78-79-80,9,225280,0.0,0.0,291.2521371617913,0.927496887743473,0.927496887743473,0.927496887743473,0.0,0.0,0.0,0.0,291.2521371617913,0.927496887743473,0.07250311225652695,l1,False,False,KEEP,physmem_rule,action_mode_locomotion_orb_keep|mode=Locomotion Only|view=Novel View|selection=orb_locomotion|trajectory=Progressing:forward|prev=INSERT,0.6313850035116,0.927496887743473,Walk,depth,physmem_keep,64 66 77 78 79 80 81 82 83,64 66 77 81 82 83 84 85 86,-0.05370987940610128,9.072631096500775,5.587935447692871e-09,0.0,-0.6666666809469461,1.0000000037252903,-0.6666666865348816,1.0,0.0,0.0,1.2018504361755658,0.0,1.0,1.2018504361755658,Novel View,0.5,1.2018504361755658,0.0,82,,,,orb_locomotion,,,move=1.2019:Walk,Progressing,forward,2,2.201850436175566,True,1.0,False,False,False,False,locomotion_only_orb_dominant,False,False,False,Locomotion Only,1.0,move=1.2019:Walk,Locomotion Only->orb_locomotion,None,Walk,False,True,locomotion,True
90,77,83,87,0.9566582031548023,81,81-82-83,9,225280,0.0,0.0,82.36214006319642,0.9566582031548023,0.9566582031548023,0.9566582031548023,0.0,0.0,0.0,0.0,82.36214006319642,0.9566582031548023,0.04334179684519768,l1,True,False,KEEP,physmem_rule,action_mode_locomotion_orb_keep|mode=Locomotion Only|view=Novel View|selection=orb_locomotion|trajectory=Progressing:forward|prev=KEEP,0.5994465844662157,0.9566582031548023,Walk,depth,physmem_keep,64 66 77 81 82 83 84 85 86,64 66 77 84 85 86 87 88 89,0.27962346944927496,10.07263109463813,5.587935447692871e-09,0.0,0.33333334885537624,0.9999999981373549,0.3333333432674408,1.0,0.0,0.0,1.0540925565309005,0.0,1.0,1.0540925565309005,Novel View,0.5,1.0540925565309005,0.0,84,,,,orb_locomotion,,,move=1.0541:Walk,Progressing,forward,3,3.2559429927064665,True,1.0,False,False,False,False,locomotion_only_orb_dominant,False,False,False,Locomotion Only,1.0,move=1.0541:Walk,Locomotion Only->orb_locomotion,None,Walk,False,True,locomotion,True
93,77,86,90,0.9526979848742485,64,64-66-77,9,225280,0.0,0.0,128.4206621348858,0.9526979848742485,0.9526979848742485,0.9526979848742485,0.0,0.0,0.0,0.0,128.4206621348858,0.9526979848742485,0.047302015125751495,l1,True,False,INSERT,physmem_rule,action_mode_hybrid_forward_insert|trajectory_progress_bypasses_insert_hysteresis|mode=Viewpoint Locomotion|view=Novel View|selection=hybrid_locomotion|trajectory=Progressing:forward|prev=KEEP,0.4967974678756367,0.9526979848742485,Viewpoint Locomotion,depth,physmem_insert,64 66 77 84 85 86 87 88 89,84 85 86 87 88 89 90 91 92,0.5726613008949158,11.085172425683675,-0.08007811941206455,0.0,0.2930378314456409,1.0125413310455458,0.3333333432674408,1.0,-0.080078125,0.0,1.0540925565309005,0.080078125,1.0,1.0540925565309005,Novel View,0.5,1.0540925565309,0.080078125,87,90,forward_anchor,hybrid_forward_progress,hybrid_locomotion,,,hybrid_forward_progress,Progressing,forward,4,4.310035549237367,True,1.0,False,False,True,False,hybrid_forward_progress,False,False,False,Viewpoint Locomotion,1.0,move=1.0541:view=0.0801:Viewpoint Locomotion,Viewpoint Locomotion->hybrid_locomotion,Turn Left,Walk,True,True,viewpoint_locomotion,True
96,86,89,93,0.9676542021334171,84,84-85-86,9,225280,0.0,0.0,175.85983825847507,0.9676542021334171,0.9676542021334171,0.9676542021334171,0.0,0.0,0.0,0.0,175.85983825847507,0.9676542021334171,0.03234579786658287,l1,True,False,INSERT,physmem_rule,trajectory_forward_progress|trajectory_progress_bypasses_insert_hysteresis|mode=Viewpoint Locomotion|view=Novel View|selection=hybrid_locomotion|trajectory=Progressing:forward|prev=INSERT,0.5963050985979717,0.9676542021334171,Viewpoint Locomotion,depth,physmem_insert,84 85 86 87 88 89 90 91 92,87 88 89 90 91 92 93 94 95,0.5326329410680916,12.084370969722633,5.587935447692871e-09,0.0,-0.040028359826824275,0.9991985440389584,0.0,1.0,0.080078125,0.0,1.0,0.080078125,1.0,1.0,Novel View,0.5,0.9999999999999993,0.080078125,90,,,,hybrid_locomotion,,,hybrid_forward_progress,Progressing,forward,5,5.310035549237367,True,1.0,False,False,True,False,hybrid_forward_progress,False,False,False,Viewpoint Locomotion,1.0,move=1.0000:view=0.0801:Viewpoint Locomotion,Viewpoint Locomotion->hybrid_locomotion,Turn Right,Walk,True,True,viewpoint_locomotion,True
99,89,92,96,0.985563256777823,90,90-91-92,9,225280,0.0,0.0,110.44947616755962,0.985563256777823,0.985563256777823,0.985563256777823,0.0,0.0,0.0,0.0,110.44947616755962,0.985563256777823,0.014436743222177029,l1,True,False,KEEP,physmem_rule,action_mode_locomotion_orb_keep|mode=Locomotion Only|view=Novel View|selection=orb_locomotion|trajectory=Progressing:forward|prev=INSERT,0.6459480311391961,0.985563256777823,Walk,depth,physmem_keep,87 88 89 90 91 92 93 94 95,87 88 89 93 94 95 96 97 98,0.1992996033885862,13.084370971585278,5.587935447692871e-09,0.0,-0.33333333767950535,1.0000000018626451,-0.3333333432674408,1.0,0.0,0.0,1.0540925565309005,0.0,1.0,1.0540925565309005,Novel View,0.5,1.0540925565309005,0.0,93,,,,orb_locomotion,,,move=1.0541:Walk,Progressing,forward,6,6.364128105768267,True,1.0,False,False,False,False,locomotion_only_orb_dominant,False,False,False,Locomotion Only,1.0,move=1.0541:Walk,Locomotion Only->orb_locomotion,None,Walk,False,True,locomotion,True
102,89,95,99,0.9647294096648693,93,93-94-95,9,225280,0.0,0.0,60.42163958773017,0.9647294096648693,0.9647294096648693,0.9647294096648693,0.0,0.0,0.0,0.0,60.42163958773017,0.9647294096648693,0.03527059033513069,l1,True,False,KEEP,physmem_rule,action_mode_locomotion_orb_keep|mode=Locomotion Only|view=Novel View|selection=orb_locomotion|trajectory=Progressing:forward|prev=KEEP,0.5739054253608022,0.9647294096648693,Walk,depth,physmem_keep,87 88 89 93 94 95 96 97 98,87 88 89 96 97 98 99 100 101,-0.13403373429091914,14.084370973447923,5.587935447692871e-09,0.0,-0.33333333767950535,1.0000000018626451,-0.3333333432674408,1.0,0.0,0.0,1.0540925565309005,0.0,1.0,1.0540925565309005,Novel View,0.5,1.0540925565309005,0.0,96,,,,orb_locomotion,,,move=1.0541:Walk,Progressing,forward,7,7.418220662299167,True,1.0,False,False,False,False,locomotion_only_orb_dominant,False,False,False,Locomotion Only,1.0,move=1.0541:Walk,Locomotion Only->orb_locomotion,None,Walk,False,True,locomotion,True
105,89,98,102,0.9673441797494888,87,87-88-89,9,225280,0.0,0.0,66.7360839433968,0.9673441797494888,0.9673441797494888,0.9673441797494888,0.0,0.0,0.0,0.0,66.7360839433968,0.9673441797494888,0.03265582025051117,l1,True,False,INSERT,physmem_rule,action_mode_locomotion_orb_insert|mode=Locomotion Only|view=Known View|selection=orb_locomotion|trajectory=Progressing:forward|prev=KEEP,0.5750846252826812,0.9673441797494888,Walk,depth,physmem_insert,87 88 89 96 97 98 99 100 101,96 97 98 99 100 101 102 103 104,0.19929961270181207,14.75103765812016,5.587935447692871e-09,0.0,0.3333333469927312,0.6666666846722364,0.3333333432674408,0.6666666865348816,0.0,0.0,0.7453560147132695,0.0,1.0,0.7453560147132695,Known View,0.5615552854627825,0.7453560147132695,0.0,99,,,,orb_locomotion,,,move=0.7454:Walk,Progressing,forward,8,8.163576677012436,True,1.0,False,False,False,False,locomotion_only_orb_dominant,False,False,False,Locomotion Only,0.7453560147132695,move=0.7454:Walk,Locomotion Only->orb_locomotion,None,Walk,False,True,locomotion,True
108,98,101,105,0.9651921726763248,99,99-100-101,9,225280,0.0,0.0,62.36240779981017,0.9651921726763248,0.9651921726763248,0.9651921726763248,0.0,0.0,0.0,0.0,62.36240779981017,0.9651921726763248,0.034807827323675156,l1,True,False,KEEP,physmem_rule,action_mode_locomotion_orb_keep|mode=Locomotion Only|view=Known View|selection=orb_locomotion|trajectory=Starting:right|prev=INSERT,0.6212954950614712,0.9651921726763248,Right,depth,physmem_keep,96 97 98 99 100 101 102 103 104,96 97 98 102 103 104 105 106 107,0.5326329559692529,14.751037656257514,5.587935447692871e-09,0.0,0.3333333432674408,-1.8626452047421083e-09,0.3333333432674408,0.0,0.0,0.0,0.3333333432674408,0.0,1.0,0.3333333432674408,Known View,0.8039215627838583,0.3333333432674408,0.0,102,,,,orb_locomotion,,,move=0.3333:Right,Starting,right,1,0.3333333432674408,False,0.75,False,False,False,False,locomotion_only_orb_dominant,False,False,False,Locomotion Only,0.3333333432674408,move=0.3333:Right,Locomotion Only->orb_locomotion,None,Right,False,True,lateral_motion,True
111,98,104,108,0.9852442145347595,102,102-103-104,9,225280,0.0,0.0,100.33817170187831,0.9852442145347595,0.9852442145347595,0.9852442145347595,0.0,0.0,0.0,0.0,100.33817170187831,0.9852442145347595,0.014755785465240479,l1,True,False,KEEP,physmem_rule,action_mode_view_rotation_protect|mode=View Rotation Only|view=View Transition|selection=protect_current|trajectory=Idle:none|prev=KEEP,0.5993526753276205,0.9852442145347595,Turn Left,depth,physmem_keep,96 97 98 102 103 104 105 106 107,96 97 98 105 106 107 108 109 110,0.5326329559692529,14.751037656257514,-0.17968749441206455,0.0,0.0,0.0,0.0,0.0,-0.1796875,0.0,0.0,0.1796875,1.0,0.0,View Transition,0.5989583333333334,0.0,0.1796875,105,108,turn_anchor,view_transition,protect_current,,,view=0.1797:Turn Left,Idle,none,0,0.0,False,0.0,False,False,False,True,view_transition,False,False,False,View Rotation Only,0.998263888888889,view=0.1797:Turn Left,View Rotation Only->protect_current,Turn Left,None,True,False,viewpoint_change,True
114,98,107,111,0.9778077900409698,105,105-106-107,9,225280,0.0,0.0,181.25763488933444,0.9778077900409698,0.9778077900409698,0.9778077900409698,0.0,0.0,0.0,0.0,181.25763488933444,0.9778077900409698,0.02219220995903015,l1,True,False,KEEP,physmem_rule,action_mode_view_rotation_protect|mode=View Rotation Only|view=View Transition|selection=protect_current|trajectory=Idle:none|prev=KEEP,0.6175489761174737,0.9778077900409698,Turn Left,depth,physmem_keep,96 97 98 105 106 107 108 109 110,96 97 98 108 109 110 111 112 113,0.5326329559692529,14.751037656257514,-0.35937499441206455,0.0,0.0,0.0,0.0,0.0,-0.1796875,0.0,0.0,0.1796875,1.0,0.0,View Transition,0.5989583333333334,0.0,0.359375,105,,,,protect_current,,,view=0.1797:Turn Left,Idle,none,0,0.0,False,0.0,False,False,False,True,view_transition,False,False,False,View Rotation Only,0.998263888888889,view=0.1797:Turn Left,View Rotation Only->protect_current,Turn Left,None,True,False,viewpoint_change,True
117,98,110,114,0.981968192383647,108,108-109-110,9,225280,0.0,0.0,69.2065586335957,0.981968192383647,0.981968192383647,0.981968192383647,0.0,0.0,0.0,0.0,69.2065586335957,0.981968192383647,0.018031807616353035,l1,True,False,KEEP,physmem_rule,view_revisit_retrieve_memory|mode=Viewpoint Locomotion|view=Revisit|selection=current_window|trajectory=Starting:left|prev=KEEP,0.6002992006168181,0.981968192383647,Viewpoint Locomotion,depth,physmem_keep,96 97 98 108 109 110 111 112 113,96 97 98 111 112 113 114 115 116,0.21722366673086768,14.643203997337926,-0.29947916232049465,0.0,-0.3154092892383852,-0.10783365891958879,-0.3333333432674408,0.0,0.0598958320915699,0.0,0.3333333432674408,0.0598958320915699,1.0,0.3333333432674408,Revisit,0.4992971676336348,0.10931317446005465,0.2994791679084301,102,,,,current_window,,,view_state=Revisit,Starting,left,1,0.3333333432674408,False,0.75,False,False,False,False,revisit_blocked_by_motion:0.3333,False,False,False,Viewpoint Locomotion,0.3333333432674408,move=0.3333:view=0.0599:Viewpoint Locomotion,Viewpoint Locomotion->current_window,Turn Right,Left,True,True,viewpoint_locomotion,True
